loan_amnt,funded_amnt,funded_amnt_inv,term,int_rate,installment,grade,emp_length,home_ownership,annual_inc,loan_status,delinq_2yrs,fico_range_low,fico_range_high,inq_last_6mths,mths_since_last_delinq,mths_since_last_record,open_acc,pub_rec,revol_bal,revol_util,total_acc,out_prncp,out_prncp_inv,total_pymnt,total_pymnt_inv,total_rec_prncp,total_rec_int,total_rec_late_fee,mths_since_last_major_derog,acc_now_delinq,tot_coll_amt,tot_cur_bal,open_acc_6m,open_act_il,open_il_12m,open_il_24m,mths_since_rcnt_il,total_bal_il,il_util,open_rv_12m,open_rv_24m,max_bal_bc,all_util,total_rev_hi_lim,inq_fi,total_cu_tl,inq_last_12m,acc_open_past_24mths,avg_cur_bal,bc_open_to_buy,bc_util,chargeoff_within_12_mths,delinq_amnt,mo_sin_old_il_acct,mo_sin_old_rev_tl_op,mo_sin_rcnt_rev_tl_op,mo_sin_rcnt_tl,mort_acc,mths_since_recent_bc,mths_since_recent_bc_dlq,mths_since_recent_inq,mths_since_recent_revol_delinq,num_accts_ever_120_pd,num_actv_bc_tl,num_actv_rev_tl,num_bc_sats,num_bc_tl,num_il_tl,num_op_rev_tl,num_rev_accts,num_rev_tl_bal_gt_0,num_sats,num_tl_120dpd_2m,num_tl_30dpd,num_tl_90g_dpd_24m,num_tl_op_past_12m,pct_tl_nvr_dlq,percent_bc_gt_75,pub_rec_bankruptcies,tax_liens,tot_hi_cred_lim,total_bal_ex_mort,total_bc_limit,total_il_high_credit_limit,revol_bal_joint,sec_app_fico_range_low,sec_app_fico_range_high,sec_app_earliest_cr_line,sec_app_inq_last_6mths,sec_app_mort_acc,
5000.0,5000.0,5000.0,36.0,10.49,162.49,9.0,10.0,5.0,75000.0,1.0,0.0,665.0,669.0,1.0,0,74.0,4.0,1.0,6436.0,47.3,9.0,3892.81,3892.81,1455.13,1455.13,1107.19,347.94,0.0,0,0.0,0.0,23339.0,0.0,1.0,0.0,0.0,40.0,16903.0,50.0,1.0,1.0,3848.0,50.0,13600.0,0.0,0.0,1.0,1.0,7780.0,7164.0,47.3,0.0,0.0,40.0,314.0,10.0,10.0,1.0,10.0,0,3.0,0,0.0,2.0,2.0,2.0,4.0,1.0,3.0,7.0,2.0,4.0,0.0,0.0,0.0,1.0,100.0,0.0,1.0,0.0,47169.0,23339.0,13600.0,33569.0,0,0,0,0,0,0,
13000.0,13000.0,13000.0,36.0,5.32,391.5,10.0,10.0,7.5,101800.0,1.0,0.0,720.0,724.0,0.0,0,79.0,8.0,3.0,21213.0,57.5,21.0,9941.36,9941.36,3513.89,3513.89,3058.64,455.25,0.0,0,0.0,0.0,168092.0,0.0,2.0,0.0,2.0,14.0,20845.0,40.0,2.0,3.0,2482.0,47.0,36900.0,1.0,2.0,2.0,5.0,21012.0,718.0,77.6,0.0,0.0,142.0,233.0,11.0,11.0,3.0,11.0,0,11.0,0,0.0,1.0,4.0,1.0,4.0,7.0,5.0,11.0,4.0,8.0,0.0,0.0,0.0,2.0,100.0,100.0,0.0,0.0,244965.0,42058.0,3200.0,52184.0,0,0,0,0,0,0,
18000.0,18000.0,18000.0,36.0,7.99,563.98,10.0,2.0,7.5,60000.0,1.0,0.0,775.0,779.0,0.0,0,0,13.0,0.0,2583.0,17.8,22.0,13894.7,13894.7,5063.83,5063.83,4105.3,958.53,0.0,0,0.0,0.0,246149.0,0.0,6.0,0.0,0.0,29.0,99711.0,29.0,0.0,0.0,0.0,38.0,14500.0,0.0,4.0,0.0,0.0,20512.0,11100.0,0.0,0.0,0.0,194.0,188.0,51.0,29.0,3.0,96.0,0,0,0,0.0,0.0,2.0,2.0,6.0,7.0,5.0,11.0,2.0,13.0,0.0,0.0,0.0,0.0,100.0,0.0,0.0,0.0,297300.0,114859.0,11100.0,127735.0,0,0,0,0,0,0,
14400.0,14400.0,14400.0,60.0,7.99,291.92,10.0,9.0,7.5,135000.0,1.0,1.0,695.0,699.0,0.0,11.0,0,15.0,0.0,8613.0,37.4,30.0,12587.91,12587.91,2611.3,2611.3,1812.09,799.21,0.0,11.0,0.0,0.0,111622.0,1.0,7.0,1.0,2.0,4.0,103009.0,97.0,0.0,0.0,4136.0,81.0,23000.0,0.0,0.0,1.0,2.0,7441.0,12987.0,39.9,1.0,0.0,130.0,206.0,65.0,4.0,1.0,65.0,28.0,6.0,28.0,1.0,4.0,4.0,7.0,8.0,17.0,8.0,11.0,4.0,15.0,0.0,0.0,1.0,1.0,88.9,42.9,0.0,0.0,123895.0,111622.0,21600.0,100895.0,0,0,0,0,0,0,
7000.0,7000.0,7000.0,36.0,5.32,210.81,10.0,2.0,5.0,85000.0,1.0,1.0,705.0,709.0,0.0,20.0,30.0,14.0,1.0,6565.0,19.7,17.0,5353.02,5353.02,1892.12,1892.12,1646.98,245.14,0.0,0,0.0,0.0,42606.0,0.0,2.0,0.0,0.0,30.0,36041.0,90.0,2.0,4.0,1157.0,58.0,33300.0,0.0,0.0,0.0,4.0,3043.0,15577.0,16.7,0.0,0.0,70.0,298.0,9.0,9.0,0.0,9.0,20.0,18.0,20.0,0.0,4.0,7.0,6.0,7.0,2.0,12.0,15.0,7.0,14.0,0.0,0.0,0.0,2.0,88.2,0.0,0.0,0.0,73420.0,42606.0,18700.0,40120.0,0,0,0,0,0,0,
3600.0,3600.0,3600.0,36.0,11.39,118.53,9.0,10.0,5.0,89712.0,1.0,0.0,680.0,684.0,0.0,0,0,16.0,0.0,37317.0,69.1,25.0,2811.29,2811.29,1061.07,1061.07,788.71,272.36,0.0,0,0.0,0.0,45497.0,0.0,3.0,1.0,3.0,10.0,8180.0,57.0,0.0,2.0,5115.0,67.0,54000.0,0.0,3.0,0.0,5.0,2844.0,2586.0,92.7,0.0,0.0,117.0,268.0,16.0,10.0,0.0,23.0,0,16.0,0,0.0,8.0,12.0,8.0,10.0,7.0,13.0,18.0,12.0,16.0,0.0,0.0,0.0,1.0,100.0,100.0,0.0,0.0,68290.0,45497.0,35400.0,14290.0,0,0,0,0,0,0,
4500.0,4500.0,4500.0,36.0,12.74,151.06,8.0,6.0,5.0,32000.0,1.0,0.0,660.0,664.0,1.0,0,0,7.0,0.0,6459.0,64.0,14.0,3529.97,3529.97,1351.58,1351.58,970.03,381.55,0.0,0,0.0,624.0,25255.0,2.0,2.0,1.0,3.0,5.0,18796.0,63.0,2.0,3.0,1925.0,64.0,10100.0,3.0,8.0,2.0,6.0,3608.0,1575.0,55.0,0.0,0.0,68.0,59.0,3.0,3.0,0.0,17.0,0,5.0,0,0.0,1.0,5.0,1.0,1.0,8.0,5.0,6.0,5.0,7.0,0.0,0.0,0.0,3.0,100.0,0.0,0.0,0.0,39781.0,25255.0,3500.0,29681.0,0,0,0,0,0,0,
12000.0,12000.0,12000.0,36.0,16.99,427.78,7.0,0.0,5.0,30000.0,1.0,0.0,665.0,669.0,0.0,0,72.0,3.0,3.0,8862.0,38.2,5.0,9543.2,9543.2,3821.7,3821.7,2456.8,1364.9,0.0,0,0.0,0.0,8862.0,1.0,0.0,0.0,0.0,0,0.0,0,2.0,2.0,8617.0,38.0,23200.0,0.0,0.0,2.0,2.0,2954.0,14338.0,38.2,0.0,0.0,0,241.0,0.0,0.0,0.0,0.0,0,10.0,0,0.0,3.0,3.0,3.0,4.0,0.0,3.0,5.0,3.0,3.0,0.0,0.0,0.0,2.0,100.0,0.0,0.0,3.0,23200.0,8862.0,23200.0,0.0,0,0,0,0,0,0,
13400.0,13400.0,13400.0,36.0,13.49,454.67,8.0,5.0,7.5,71000.0,1.0,0.0,690.0,694.0,0.0,79.0,76.0,10.0,1.0,11597.0,46.6,28.0,10537.39,10537.39,4066.92,4066.92,2862.61,1204.31,0.0,0,0.0,0.0,229517.0,0.0,2.0,0.0,1.0,15.0,35597.0,65.0,0.0,1.0,1996.0,59.0,24900.0,0.0,2.0,5.0,3.0,22952.0,8845.0,29.2,0.0,0.0,127.0,456.0,16.0,15.0,3.0,44.0,79.0,5.0,79.0,0.0,3.0,5.0,4.0,10.0,6.0,7.0,19.0,5.0,10.0,0.0,0.0,0.0,0.0,95.5,25.0,1.0,0.0,265900.0,47194.0,12500.0,55000.0,0,0,0,0,0,0,
19200.0,19200.0,19200.0,36.0,13.99,656.12,8.0,10.0,7.5,75000.0,1.0,0.0,740.0,744.0,0.0,0,0,8.0,0.0,12802.0,59.8,12.0,14912.89,14912.89,6067.77,6067.77,4287.11,1780.66,0.0,0,0.0,0.0,243746.0,0.0,2.0,0.0,2.0,15.0,6341.0,39.0,0.0,0.0,4126.0,57.0,21400.0,0.0,0.0,0.0,3.0,30468.0,7136.0,53.4,0.0,0.0,111.0,80.0,26.0,15.0,3.0,47.0,0,15.0,0,0.0,2.0,3.0,2.0,2.0,3.0,3.0,4.0,3.0,8.0,0.0,0.0,0.0,0.0,100.0,0.0,0.0,0.0,277588.0,24788.0,15300.0,16273.0,0,0,0,0,0,0,
20000.0,20000.0,20000.0,36.0,16.99,712.96,7.0,10.0,7.5,63000.0,1.0,1.0,660.0,664.0,2.0,23.0,71.0,15.0,1.0,18577.0,65.0,36.0,15905.4,15905.4,6369.45,6369.45,4094.6,2274.85,0.0,0,0.0,0.0,62850.0,2.0,3.0,1.0,3.0,4.0,44273.0,80.0,2.0,7.0,6549.0,75.0,28600.0,1.0,4.0,4.0,10.0,4489.0,5028.0,76.1,0.0,0.0,164.0,321.0,1.0,1.0,2.0,8.0,0,1.0,23.0,0.0,5.0,9.0,5.0,12.0,9.0,12.0,25.0,9.0,15.0,0.0,0.0,0.0,3.0,92.0,60.0,1.0,0.0,83883.0,62850.0,21000.0,55283.0,0,0,0,0,0,0,
8000.0,8000.0,8000.0,36.0,7.99,250.66,10.0,10.0,7.5,57000.0,1.0,3.0,680.0,684.0,0.0,7.0,0,7.0,0.0,5938.0,36.7,34.0,0.0,0.0,8342.1109225,8342.11,8000.0,342.11,0.0,21.0,0.0,0.0,146207.0,0.0,3.0,0.0,1.0,19.0,65964.0,30.0,1.0,1.0,2480.0,32.0,16200.0,0.0,2.0,1.0,2.0,20887.0,20.0,99.2,0.0,0.0,242.0,227.0,9.0,9.0,3.0,9.0,29.0,9.0,26.0,2.0,1.0,3.0,1.0,10.0,16.0,3.0,15.0,3.0,7.0,0.0,0.0,1.0,1.0,76.5,100.0,0.0,0.0,185355.0,71902.0,2500.0,88422.0,0,0,0,0,0,0,
39000.0,39000.0,39000.0,36.0,15.99,1370.94,8.0,10.0,7.5,78000.0,1.0,0.0,715.0,719.0,0.0,0,0,17.0,0.0,44645.0,52.3,29.0,30917.31,30917.31,12251.85,12251.85,8082.69,4169.16,0.0,0,0.0,0.0,71941.0,1.0,2.0,1.0,1.0,5.0,27296.0,63.0,0.0,2.0,15238.0,56.0,85300.0,0.0,3.0,3.0,3.0,4232.0,15901.0,69.5,0.0,0.0,169.0,199.0,18.0,5.0,1.0,29.0,0,5.0,0,0.0,4.0,10.0,6.0,6.0,7.0,15.0,21.0,10.0,17.0,0.0,0.0,0.0,1.0,100.0,66.7,0.0,0.0,128759.0,71941.0,52200.0,43459.0,0,0,0,0,0,0,
10000.0,10000.0,10000.0,36.0,5.32,301.15,10.0,10.0,5.0,170000.0,1.0,3.0,680.0,684.0,0.0,5.0,0,6.0,0.0,648.0,36.0,35.0,7647.24,7647.24,2702.96,2702.96,2352.76,350.2,0.0,5.0,0.0,0.0,170524.0,1.0,3.0,1.0,1.0,6.0,58932.0,60.0,0.0,1.0,535.0,59.0,1800.0,5.0,0.0,4.0,2.0,28421.0,65.0,89.2,0.0,0.0,165.0,270.0,17.0,6.0,2.0,17.0,22.0,8.0,5.0,6.0,1.0,2.0,1.0,13.0,11.0,2.0,22.0,2.0,6.0,0.0,0.0,3.0,1.0,90.6,100.0,0.0,0.0,226523.0,59580.0,600.0,97223.0,0,0,0,0,0,0,
15000.0,15000.0,15000.0,36.0,19.99,557.38,7.0,1.0,5.0,78200.0,1.0,0.0,675.0,679.0,0.0,0,0,9.0,0.0,13846.0,79.6,26.0,12046.44,12046.44,5002.64,5002.64,2953.56,2021.21,27.87,0,0.0,0.0,129058.0,0.0,5.0,0.0,2.0,17.0,115212.0,107.0,1.0,1.0,6084.0,98.0,17400.0,0.0,3.0,0.0,3.0,14340.0,54.0,99.6,0.0,0.0,120.0,158.0,10.0,10.0,0.0,10.0,0,17.0,0,0.0,3.0,3.0,3.0,4.0,13.0,4.0,12.0,3.0,9.0,0.0,0.0,0.0,1.0,100.0,100.0,0.0,0.0,120048.0,129058.0,13900.0,102648.0,0,0,0,0,0,0,
9300.0,9300.0,9300.0,36.0,8.24,292.46,9.0,9.0,7.5,62000.0,1.0,0.0,660.0,664.0,1.0,71.0,99.0,14.0,1.0,6837.0,45.0,25.0,7185.18,7185.18,2621.5,2621.5,2114.82,506.68,0.0,0,0.0,0.0,260021.0,1.0,1.0,1.0,1.0,10.0,30158.0,90.0,1.0,3.0,3885.0,76.0,15200.0,3.0,1.0,8.0,5.0,20002.0,467.0,90.7,0.0,0.0,135.0,162.0,6.0,6.0,1.0,24.0,0,6.0,0,0.0,2.0,10.0,2.0,4.0,5.0,12.0,19.0,10.0,14.0,0.0,0.0,0.0,2.0,96.0,50.0,1.0,0.0,279452.0,36995.0,5000.0,33608.0,0,0,0,0,0,0,
25000.0,25000.0,25000.0,60.0,28.69,788.84,5.0,10.0,5.0,83807.4,1.0,0.0,690.0,694.0,0.0,39.0,0,13.0,0.0,7723.0,38.6,25.0,23105.78,23105.78,7039.49,7039.49,1894.22,5145.27,0.0,39.0,0.0,0.0,65044.0,0.0,3.0,0.0,1.0,17.0,57321.0,81.0,1.0,5.0,3427.0,62.0,22000.0,0.0,0.0,1.0,6.0,5420.0,3034.0,62.1,0.0,0.0,211.0,90.0,11.0,11.0,1.0,18.0,47.0,0.0,47.0,1.0,2.0,6.0,3.0,4.0,10.0,10.0,14.0,6.0,13.0,0.0,0.0,0.0,1.0,77.3,66.7,0.0,0.0,85196.0,65044.0,8000.0,63196.0,0,0,0,0,0,0,
25900.0,25900.0,25900.0,60.0,25.49,767.66,6.0,10.0,7.5,54000.0,1.0,0.0,685.0,689.0,1.0,56.0,0,9.0,0.0,27346.0,64.5,26.0,23767.66,23767.66,6817.25,6817.25,2132.34,4684.91,0.0,56.0,0.0,0.0,166140.0,0.0,1.0,0.0,1.0,18.0,4639.0,61.0,0.0,3.0,15840.0,64.0,42400.0,0.0,1.0,4.0,5.0,18460.0,4154.0,86.8,0.0,0.0,158.0,382.0,14.0,14.0,3.0,15.0,56.0,2.0,56.0,0.0,3.0,3.0,4.0,7.0,10.0,7.0,13.0,3.0,9.0,0.0,0.0,0.0,0.0,96.2,50.0,0.0,0.0,191665.0,31985.0,31500.0,7665.0,0,0,0,0,0,0,
5000.0,5000.0,5000.0,36.0,11.44,164.74,9.0,10.0,5.0,60000.0,1.0,0.0,665.0,669.0,1.0,0,0,20.0,0.0,10377.0,27.8,27.0,0.0,0.0,5267.90558751,5267.91,5000.0,267.91,0.0,0,0.0,0.0,24036.0,0.0,1.0,0.0,2.0,18.0,13489.0,69.0,2.0,8.0,1670.0,42.0,37300.0,6.0,0.0,8.0,10.0,1265.0,5110.0,54.4,0.0,0.0,110.0,139.0,9.0,9.0,0.0,9.0,0,1.0,0,0.0,8.0,12.0,8.0,9.0,7.0,17.0,18.0,12.0,20.0,0.0,0.0,0.0,2.0,100.0,62.5,0.0,0.0,56989.0,24036.0,11200.0,19519.0,0,0,0,0,0,0,
11100.0,11100.0,11100.0,36.0,5.32,334.28,10.0,3.0,5.0,60000.0,1.0,0.0,725.0,729.0,0.0,0,0,14.0,0.0,22233.0,34.4,23.0,7209.96,7209.96,4277.96,4277.96,3890.04,387.92,0.0,0,0.0,0.0,67344.0,0.0,4.0,0.0,0.0,62.0,45111.0,115.0,0.0,0.0,6667.0,65.0,64700.0,0.0,0.0,0.0,0.0,4810.0,37285.0,37.2,0.0,0.0,172.0,170.0,29.0,29.0,0.0,29.0,0,0,0,2.0,7.0,8.0,7.0,7.0,8.0,10.0,15.0,8.0,14.0,0.0,0.0,0.0,0.0,91.3,0.0,0.0,0.0,104060.0,67344.0,59400.0,39360.0,0,0,0,0,0,0,
6000.0,6000.0,6000.0,36.0,7.49,186.61,10.0,5.0,5.0,60000.0,1.0,0.0,705.0,709.0,0.0,63.0,0,7.0,0.0,12442.0,39.6,22.0,4623.55,4623.55,1673.25,1673.25,1376.45,296.8,0.0,63.0,0.0,0.0,45718.0,0.0,2.0,1.0,1.0,8.0,33276.0,84.0,0.0,5.0,4910.0,64.0,31400.0,3.0,0.0,4.0,6.0,6531.0,14182.0,40.7,0.0,0.0,165.0,138.0,15.0,8.0,1.0,94.0,71.0,9.0,71.0,2.0,3.0,4.0,3.0,7.0,8.0,5.0,13.0,4.0,7.0,0.0,0.0,0.0,1.0,90.9,33.3,0.0,0.0,70949.0,45718.0,23900.0,39549.0,0,0,0,0,0,0,
21500.0,21500.0,21500.0,36.0,11.39,707.86,9.0,10.0,7.5,125000.0,1.0,0.0,710.0,714.0,0.0,0,0,11.0,0.0,45947.0,92.4,23.0,16789.89,16789.89,6336.73,6336.73,4710.11,1626.62,0.0,0,0.0,0.0,310154.0,1.0,2.0,0.0,1.0,16.0,20900.0,40.0,0.0,0.0,14787.0,66.0,49700.0,0.0,3.0,3.0,2.0,34462.0,1653.0,96.5,0.0,0.0,163.0,240.0,36.0,4.0,4.0,36.0,0,4.0,0,0.0,5.0,5.0,6.0,7.0,8.0,8.0,11.0,5.0,11.0,0.0,0.0,0.0,1.0,100.0,100.0,0.0,0.0,346552.0,66847.0,47600.0,52052.0,0,0,0,0,0,0,
10000.0,10000.0,10000.0,36.0,11.39,329.24,9.0,1.0,7.5,52000.0,1.0,0.0,720.0,724.0,0.0,0,0,11.0,0.0,9454.0,51.1,18.0,7809.22,7809.22,2947.34,2947.34,2190.78,756.56,0.0,0,0.0,0.0,30560.0,0.0,4.0,0.0,1.0,17.0,21106.0,42.0,0.0,1.0,8426.0,44.0,18500.0,0.0,0.0,0.0,2.0,2778.0,5118.0,64.7,0.0,0.0,93.0,159.0,14.0,14.0,0.0,14.0,0,0,0,0.0,3.0,4.0,5.0,6.0,7.0,7.0,11.0,4.0,11.0,0.0,0.0,0.0,0.0,100.0,40.0,0.0,0.0,68774.0,30560.0,14500.0,50274.0,0,0,0,0,0,0,
20000.0,20000.0,20000.0,36.0,6.99,617.46,10.0,10.0,7.5,130000.0,1.0,0.0,790.0,794.0,1.0,0,0,7.0,0.0,4999.0,10.6,12.0,15384.87,15384.87,5537.72,5537.72,4615.13,922.59,0.0,0,0.0,0.0,464727.0,1.0,2.0,1.0,2.0,1.0,60410.0,61.0,0.0,0.0,2.0,30.0,47100.0,1.0,2.0,3.0,3.0,77455.0,42098.0,0.0,0.0,0.0,15.0,294.0,112.0,1.0,3.0,112.0,0,1.0,0,0.0,1.0,2.0,3.0,4.0,2.0,4.0,7.0,2.0,7.0,0.0,0.0,0.0,1.0,100.0,0.0,0.0,0.0,535935.0,65409.0,42100.0,71835.0,0,0,0,0,0,0,
14000.0,14000.0,14000.0,36.0,13.99,478.42,8.0,10.0,7.5,75000.0,1.0,2.0,685.0,689.0,0.0,4.0,0,10.0,0.0,9737.0,33.5,25.0,11027.22,11027.22,4278.58,4278.58,2972.78,1305.8,0.0,0,0.0,0.0,113538.0,0.0,1.0,0.0,1.0,13.0,6232.0,21.0,0.0,2.0,4152.0,27.0,29100.0,0.0,0.0,0.0,3.0,12615.0,18441.0,32.0,0.0,0.0,228.0,190.0,19.0,13.0,5.0,19.0,0,0,30.0,0.0,3.0,5.0,4.0,5.0,8.0,8.0,12.0,5.0,10.0,0.0,0.0,0.0,0.0,84.0,25.0,0.0,0.0,170631.0,15969.0,27100.0,29967.0,0,0,0,0,0,0,
8400.0,8400.0,8400.0,36.0,11.44,276.76,9.0,10.0,7.5,70000.0,1.0,0.0,695.0,699.0,0.0,0,118.0,19.0,1.0,19885.0,44.9,25.0,0.0,0.0,9023.27996784,9023.28,8400.0,623.28,0.0,0,0.0,0.0,120936.0,3.0,4.0,2.0,2.0,6.0,21367.0,56.0,3.0,6.0,5385.0,50.0,44300.0,1.0,4.0,2.0,8.0,6365.0,13546.0,57.5,0.0,0.0,167.0,134.0,1.0,1.0,1.0,1.0,0,8.0,0,0.0,6.0,7.0,7.0,8.0,8.0,14.0,16.0,7.0,19.0,0.0,0.0,0.0,5.0,100.0,0.0,1.0,0.0,168383.0,41252.0,31900.0,37960.0,0,0,0,0,0,0,
2000.0,2000.0,2000.0,36.0,6.99,61.75,10.0,7.0,7.5,60000.0,1.0,0.0,770.0,774.0,0.0,0,0,14.0,0.0,17081.0,27.2,24.0,1538.45,1538.45,553.81,553.81,461.55,92.26,0.0,0,0.0,0.0,132379.0,0.0,2.0,1.0,3.0,10.0,19267.0,82.0,0.0,3.0,6410.0,42.0,62900.0,1.0,0.0,1.0,6.0,9456.0,24975.0,32.5,0.0,0.0,126.0,209.0,15.0,10.0,1.0,21.0,0,10.0,0,0.0,5.0,10.0,5.0,7.0,10.0,11.0,13.0,10.0,14.0,0.0,0.0,0.0,1.0,100.0,0.0,0.0,0.0,198750.0,36348.0,37000.0,23500.0,0,0,0,0,0,0,
23000.0,23000.0,23000.0,60.0,22.74,644.95,6.0,10.0,5.0,80000.0,1.0,0.0,690.0,694.0,0.0,33.0,0,9.0,0.0,26805.0,41.2,20.0,20968.96,20968.96,5731.91,5731.91,2031.04,3700.87,0.0,0,0.0,2027.0,42598.0,0.0,2.0,1.0,1.0,12.0,15793.0,85.0,0.0,0.0,10919.0,55.0,49600.0,0.0,0.0,0.0,1.0,4733.0,21718.0,40.9,0.0,0.0,163.0,210.0,30.0,12.0,0.0,33.0,55.0,0,33.0,0.0,5.0,6.0,6.0,12.0,5.0,7.0,15.0,6.0,9.0,0.0,0.0,0.0,1.0,89.5,33.3,0.0,0.0,109353.0,42598.0,47600.0,59753.0,0,0,0,0,0,0,
3600.0,3600.0,3600.0,36.0,11.44,118.62,9.0,1.0,5.0,33600.0,1.0,1.0,715.0,719.0,0.0,16.0,0,21.0,0.0,3654.0,58.0,27.0,2811.72,2811.72,1061.86,1061.86,788.28,273.58,0.0,16.0,0.0,0.0,48567.0,0.0,16.0,0.0,2.0,16.0,44913.0,82.0,0.0,0.0,3192.0,80.0,6300.0,0.0,0.0,1.0,2.0,2698.0,2646.0,58.0,0.0,0.0,85.0,275.0,29.0,16.0,0.0,52.0,16.0,7.0,16.0,1.0,2.0,2.0,2.0,5.0,17.0,5.0,10.0,2.0,21.0,0.0,0.0,1.0,0.0,96.3,0.0,0.0,0.0,60801.0,48567.0,6300.0,54501.0,0,0,0,0,0,0,
10000.0,10000.0,10000.0,36.0,12.74,335.69,8.0,10.0,7.5,75000.0,1.0,5.0,660.0,664.0,0.0,10.0,0,17.0,0.0,9030.0,52.8,27.0,7844.36,7844.36,3003.52,3003.52,2155.64,847.88,0.0,20.0,0.0,36636.0,235316.0,0.0,6.0,0.0,2.0,19.0,50842.0,65.0,0.0,2.0,4867.0,63.0,17100.0,0.0,1.0,0.0,4.0,13842.0,2292.0,78.4,0.0,0.0,122.0,210.0,16.0,16.0,1.0,26.0,12.0,13.0,12.0,2.0,5.0,7.0,5.0,11.0,7.0,10.0,19.0,7.0,17.0,0.0,0.0,2.0,0.0,77.8,40.0,0.0,0.0,280274.0,59872.0,10600.0,78359.0,0,0,0,0,0,0,
12000.0,12000.0,12000.0,36.0,12.74,402.83,8.0,5.0,7.5,100000.0,1.0,0.0,680.0,684.0,0.0,0,52.0,7.0,2.0,10043.0,47.8,23.0,9413.21,9413.21,3604.24,3604.24,2586.79,1017.45,0.0,0,0.0,215.0,32005.0,0.0,2.0,2.0,3.0,9.0,21962.0,81.0,1.0,1.0,4941.0,67.0,21000.0,3.0,1.0,4.0,4.0,4572.0,8174.0,54.6,0.0,0.0,148.0,321.0,10.0,9.0,1.0,33.0,0,12.0,0,0.0,3.0,4.0,3.0,5.0,6.0,5.0,15.0,4.0,7.0,0.0,0.0,0.0,3.0,100.0,66.7,2.0,0.0,48065.0,32005.0,18000.0,27065.0,0,0,0,0,0,0,
7175.0,7175.0,7175.0,36.0,13.49,243.46,8.0,10.0,7.5,65000.0,1.0,0.0,665.0,669.0,0.0,59.0,0,5.0,0.0,3383.0,82.5,11.0,0.0,0.0,7536.77365688,7536.77,7175.0,361.77,0.0,0,0.0,0.0,3383.0,0.0,0.0,0.0,0.0,112.0,0.0,0,2.0,5.0,1496.0,83.0,4100.0,0.0,1.0,2.0,5.0,677.0,717.0,82.5,0.0,0.0,112.0,172.0,12.0,12.0,0.0,12.0,0,12.0,0,0.0,5.0,5.0,5.0,7.0,1.0,5.0,10.0,5.0,5.0,0.0,0.0,0.0,2.0,90.9,60.0,0.0,0.0,4100.0,3383.0,4100.0,0.0,0,0,0,0,0,0,
6100.0,6100.0,6100.0,36.0,11.49,201.13,9.0,0.0,5.0,17000.0,1.0,0.0,800.0,804.0,0.0,0,0,5.0,0.0,3779.0,11.9,13.0,4765.19,4765.19,1800.44,1800.44,1334.81,465.63,0.0,0,0.0,0.0,5947.0,0.0,1.0,0.0,0.0,29.0,2168.0,24.0,0.0,1.0,3779.0,15.0,31700.0,0.0,1.0,0.0,1.0,1189.0,26921.0,12.3,0.0,0.0,131.0,260.0,21.0,21.0,0.0,99.0,0,21.0,0,0.0,1.0,1.0,3.0,6.0,4.0,4.0,9.0,1.0,5.0,0.0,0.0,0.0,0.0,100.0,0.0,0.0,0.0,40700.0,5947.0,30700.0,9000.0,0,0,0,0,0,0,
6000.0,6000.0,6000.0,36.0,13.99,205.04,8.0,10.0,5.0,34278.0,1.0,0.0,670.0,674.0,0.0,79.0,0,9.0,0.0,4662.0,36.7,27.0,0.0,0.0,6334.53399794,6334.53,6000.0,334.53,0.0,79.0,0.0,2376.0,10621.0,1.0,1.0,1.0,2.0,10.0,5959.0,80.0,1.0,7.0,3727.0,53.0,12700.0,0.0,0.0,1.0,9.0,1328.0,3562.0,52.5,0.0,0.0,105.0,339.0,5.0,5.0,3.0,5.0,80.0,11.0,79.0,3.0,2.0,4.0,3.0,5.0,3.0,8.0,21.0,4.0,9.0,0.0,0.0,0.0,2.0,88.9,33.3,0.0,0.0,20200.0,10621.0,7500.0,7500.0,0,0,0,0,0,0,
12000.0,12000.0,12000.0,60.0,13.99,279.16,8.0,3.0,7.5,205000.0,1.0,0.0,660.0,664.0,0.0,43.0,0,12.0,0.0,4456.0,20.3,33.0,10686.59,10686.59,2489.12,2489.12,1313.41,1175.71,0.0,48.0,0.0,3154.0,558367.0,0.0,1.0,0.0,1.0,17.0,4038.0,58.0,0.0,3.0,3978.0,27.0,21900.0,1.0,1.0,1.0,6.0,46531.0,12871.0,24.3,0.0,0.0,114.0,318.0,14.0,7.0,7.0,14.0,48.0,8.0,48.0,1.0,4.0,6.0,5.0,10.0,5.0,8.0,18.0,6.0,12.0,0.0,0.0,0.0,1.0,90.6,0.0,0.0,0.0,599401.0,12088.0,17000.0,7000.0,0,0,0,0,0,0,
15000.0,15000.0,15000.0,36.0,13.99,512.6,8.0,5.0,7.5,50000.0,1.0,0.0,665.0,669.0,0.0,0,67.0,10.0,1.0,14075.0,61.5,17.0,11814.8,11814.8,4600.14,4600.14,3185.2,1414.94,0.0,0,0.0,1780.0,14075.0,2.0,0.0,0.0,0.0,86.0,0.0,0,2.0,4.0,2241.0,62.0,22900.0,0.0,2.0,0.0,4.0,1408.0,4972.0,59.9,0.0,0.0,86.0,299.0,2.0,2.0,0.0,2.0,0,16.0,0,0.0,7.0,10.0,7.0,9.0,1.0,10.0,16.0,10.0,10.0,0.0,0.0,0.0,2.0,100.0,57.1,0.0,1.0,22900.0,14075.0,12400.0,0.0,0,0,0,0,0,0,
15000.0,15000.0,15000.0,36.0,12.74,503.54,8.0,10.0,5.0,70000.0,1.0,0.0,665.0,669.0,0.0,35.0,0,19.0,0.0,12040.0,42.4,26.0,11766.49,11766.49,4505.32,4505.32,3233.51,1271.81,0.0,38.0,0.0,0.0,25235.0,3.0,1.0,1.0,1.0,1.0,13195.0,97.0,4.0,11.0,4564.0,60.0,28400.0,0.0,0.0,4.0,12.0,1484.0,6154.0,61.1,0.0,0.0,64.0,131.0,4.0,1.0,0.0,5.0,35.0,1.0,35.0,2.0,5.0,11.0,5.0,6.0,2.0,16.0,22.0,11.0,19.0,0.0,0.0,0.0,5.0,84.0,40.0,0.0,0.0,41972.0,25235.0,15800.0,13572.0,0,0,0,0,0,0,
11000.0,11000.0,11000.0,36.0,5.32,331.27,10.0,6.0,7.5,52400.0,1.0,0.0,785.0,789.0,0.0,0,0,8.0,0.0,12789.0,29.9,24.0,8411.91,8411.91,2973.3,2973.3,2588.09,385.21,0.0,0,0.0,0.0,224145.0,1.0,1.0,1.0,1.0,1.0,8902.0,100.0,0.0,2.0,10482.0,42.0,42800.0,0.0,0.0,0.0,3.0,28018.0,15851.0,44.0,0.0,0.0,85.0,159.0,18.0,1.0,4.0,19.0,0,0,0,0.0,2.0,3.0,3.0,10.0,4.0,6.0,16.0,3.0,8.0,0.0,0.0,0.0,1.0,100.0,33.3,0.0,0.0,272584.0,21691.0,28300.0,8884.0,0,0,0,0,0,0,
28000.0,28000.0,28000.0,60.0,13.99,651.37,8.0,10.0,7.5,200000.0,1.0,1.0,675.0,679.0,0.0,3.0,0,19.0,0.0,139390.0,56.3,43.0,24935.42,24935.42,5807.92,5807.92,3064.58,2743.34,0.0,0,0.0,0.0,558138.0,2.0,2.0,1.0,2.0,4.0,29212.0,70.0,1.0,3.0,16111.0,65.0,178200.0,0.0,0.0,2.0,5.0,31008.0,29131.0,61.2,0.0,0.0,158.0,185.0,5.0,4.0,6.0,5.0,0,4.0,0,0.0,7.0,10.0,10.0,16.0,9.0,15.0,27.0,10.0,19.0,0.0,0.0,0.0,2.0,97.7,40.0,0.0,0.0,631160.0,186687.0,75000.0,41766.0,0,0,0,0,0,0,
18000.0,18000.0,18000.0,36.0,11.39,592.63,9.0,5.0,5.0,63000.0,1.0,0.0,735.0,739.0,0.0,0,0,13.0,0.0,16879.0,51.6,26.0,13597.41,13597.41,5812.4,5812.4,4402.59,1409.81,0.0,0,0.0,0.0,34025.0,0.0,7.0,1.0,1.0,12.0,17146.0,26.0,0.0,0.0,8537.0,35.0,32700.0,0.0,0.0,0.0,1.0,2617.0,5271.0,75.5,0.0,0.0,183.0,166.0,25.0,12.0,0.0,35.0,0,0,0,0.0,2.0,4.0,3.0,5.0,14.0,6.0,9.0,4.0,13.0,0.0,0.0,0.0,1.0,100.0,66.7,0.0,0.0,97907.0,34025.0,21500.0,65207.0,0,0,0,0,0,0,
17000.0,17000.0,17000.0,60.0,8.24,346.66,9.0,10.0,5.0,72000.0,1.0,0.0,785.0,789.0,0.0,0,0,7.0,0.0,5440.0,18.7,13.0,14872.9,14872.9,3100.48,3100.48,2127.1,973.38,0.0,0,0.0,0.0,17134.0,0.0,1.0,0.0,1.0,21.0,11694.0,47.0,1.0,1.0,4776.0,32.0,29100.0,0.0,0.0,1.0,2.0,2448.0,23660.0,18.7,0.0,0.0,53.0,143.0,12.0,12.0,0.0,12.0,0,12.0,0,0.0,3.0,3.0,6.0,9.0,4.0,6.0,9.0,3.0,7.0,0.0,0.0,0.0,1.0,100.0,0.0,0.0,0.0,54100.0,17134.0,29100.0,25000.0,0,0,0,0,0,0,
16000.0,16000.0,16000.0,36.0,11.49,527.55,9.0,6.0,7.5,58000.0,1.0,0.0,680.0,684.0,0.0,0,0,15.0,0.0,5988.0,36.1,23.0,12535.06,12535.06,4753.43,4753.43,3464.94,1235.73,52.76,0,0.0,306.0,199511.0,1.0,3.0,0.0,0.0,32.0,15559.0,39.0,2.0,8.0,1864.0,38.0,16600.0,0.0,7.0,0.0,8.0,13301.0,6910.0,34.2,0.0,0.0,69.0,134.0,1.0,1.0,1.0,1.0,0,21.0,0,0.0,3.0,5.0,5.0,5.0,7.0,11.0,15.0,5.0,15.0,0.0,0.0,0.0,2.0,100.0,60.0,0.0,0.0,251305.0,21547.0,10500.0,39775.0,0,0,0,0,0,0,
12300.0,12300.0,12300.0,36.0,13.49,417.35,8.0,10.0,10.0,28000.0,1.0,0.0,705.0,709.0,0.0,72.0,0,8.0,0.0,7306.0,35.0,17.0,9672.35,9672.35,3733.1,3733.1,2627.65,1105.45,0.0,72.0,0.0,0.0,7306.0,0.0,0.0,0.0,0.0,0,0.0,0,1.0,2.0,2968.0,35.0,20900.0,0.0,0.0,0.0,2.0,1044.0,12094.0,37.7,0.0,0.0,0,252.0,8.0,8.0,0.0,19.0,72.0,0,72.0,3.0,4.0,4.0,6.0,14.0,0.0,8.0,17.0,4.0,8.0,0.0,0.0,0.0,1.0,82.4,0.0,0.0,0.0,20900.0,7306.0,19400.0,0.0,0,0,0,0,0,0,
19000.0,19000.0,19000.0,36.0,7.49,590.94,10.0,10.0,7.5,81000.0,1.0,0.0,775.0,779.0,1.0,0,0,20.0,0.0,19562.0,17.9,35.0,14641.17,14641.17,5310.55,5310.55,4358.83,951.72,0.0,0,0.0,0.0,416592.0,1.0,6.0,0.0,0.0,31.0,21028.0,43.0,1.0,3.0,10824.0,26.0,109300.0,0.0,1.0,1.0,4.0,20830.0,72308.0,20.5,0.0,0.0,150.0,170.0,3.0,3.0,4.0,3.0,0,3.0,0,0.0,5.0,9.0,5.0,11.0,9.0,12.0,22.0,9.0,20.0,0.0,0.0,0.0,1.0,100.0,0.0,0.0,0.0,578489.0,40590.0,90900.0,48850.0,0,0,0,0,0,0,
10000.0,10000.0,10000.0,36.0,8.24,314.48,9.0,9.0,5.0,40000.0,1.0,0.0,735.0,739.0,0.0,0,0,13.0,0.0,14235.0,33.3,20.0,0.0,0.0,10587.2523713,10587.25,10000.0,587.25,0.0,0,0.0,0.0,45180.0,0.0,3.0,0.0,2.0,19.0,30945.0,82.0,0.0,1.0,2790.0,56.0,42700.0,0.0,0.0,0.0,3.0,3475.0,11845.0,37.3,0.0,0.0,125.0,269.0,22.0,19.0,0.0,64.0,0,22.0,0,0.0,4.0,9.0,4.0,4.0,5.0,10.0,15.0,9.0,13.0,0.0,0.0,0.0,0.0,100.0,0.0,0.0,0.0,80328.0,45180.0,18900.0,37628.0,0,0,0,0,0,0,
20000.0,20000.0,20000.0,36.0,11.49,659.43,9.0,10.0,7.5,70000.0,1.0,0.0,715.0,719.0,2.0,64.0,105.0,17.0,1.0,11964.0,38.1,22.0,15623.68,15623.68,5902.95,5902.95,4376.32,1526.63,0.0,0,0.0,862.0,336401.0,3.0,1.0,0.0,0.0,53.0,6433.0,25.0,3.0,6.0,3400.0,32.0,31400.0,0.0,0.0,3.0,7.0,21025.0,14746.0,42.8,0.0,0.0,121.0,196.0,1.0,1.0,1.0,12.0,0,2.0,64.0,0.0,7.0,11.0,7.0,11.0,2.0,15.0,19.0,11.0,17.0,0.0,0.0,0.0,4.0,95.5,0.0,1.0,0.0,384065.0,18397.0,25800.0,25915.0,0,0,0,0,0,0,
5000.0,5000.0,5000.0,36.0,8.24,157.24,9.0,10.0,7.5,104000.0,1.0,0.0,670.0,674.0,0.0,30.0,81.0,12.0,1.0,14971.0,44.4,26.0,3862.97,3862.97,1409.44,1409.44,1137.03,272.41,0.0,30.0,0.0,0.0,167397.0,0.0,1.0,0.0,0.0,29.0,14569.0,66.0,1.0,3.0,3194.0,53.0,33700.0,1.0,0.0,2.0,3.0,15218.0,8763.0,49.6,0.0,0.0,157.0,186.0,8.0,8.0,4.0,14.0,30.0,8.0,30.0,1.0,5.0,7.0,6.0,10.0,5.0,10.0,17.0,7.0,11.0,0.0,0.0,0.0,1.0,96.2,28.6,1.0,0.0,198111.0,29540.0,17400.0,22138.0,0,0,0,0,0,0,
4000.0,4000.0,4000.0,36.0,11.44,131.79,9.0,1.0,5.0,42000.0,1.0,0.0,700.0,704.0,0.0,25.0,0,7.0,0.0,1909.0,24.5,8.0,3124.22,3124.22,1179.75,1179.75,875.78,303.97,0.0,0,0.0,0.0,9251.0,2.0,1.0,0.0,1.0,13.0,7342.0,83.0,2.0,4.0,795.0,55.0,7800.0,0.0,0.0,0.0,5.0,1322.0,5891.0,24.5,0.0,0.0,13.0,66.0,2.0,2.0,0.0,2.0,25.0,13.0,25.0,0.0,6.0,6.0,6.0,7.0,1.0,6.0,7.0,6.0,7.0,0.0,0.0,0.0,2.0,100.0,0.0,0.0,0.0,16702.0,9251.0,7800.0,8902.0,0,0,0,0,0,0,
16000.0,16000.0,16000.0,36.0,8.24,503.16,9.0,10.0,7.5,100000.0,1.0,0.0,735.0,739.0,0.0,0,0,12.0,0.0,8526.0,39.8,30.0,12361.56,12361.56,4510.13,4510.13,3638.44,871.69,0.0,0,0.0,0.0,49407.0,1.0,3.0,1.0,3.0,2.0,40881.0,57.0,0.0,1.0,4579.0,53.0,21400.0,1.0,2.0,1.0,5.0,4941.0,2155.0,78.0,0.0,0.0,120.0,305.0,19.0,2.0,4.0,28.0,0,3.0,0,0.0,2.0,4.0,3.0,7.0,11.0,9.0,15.0,4.0,12.0,0.0,0.0,0.0,2.0,100.0,66.7,0.0,0.0,92988.0,49407.0,9800.0,71588.0,0,0,0,0,0,0,
10000.0,10000.0,10000.0,36.0,7.49,311.02,10.0,10.0,7.5,115555.0,1.0,1.0,700.0,704.0,0.0,11.0,0,7.0,0.0,5356.0,50.1,27.0,7705.88,7705.88,2794.24,2794.24,2294.12,500.12,0.0,40.0,0.0,0.0,496763.0,1.0,3.0,1.0,2.0,9.0,19007.0,51.0,3.0,3.0,1245.0,50.0,10700.0,0.0,3.0,1.0,5.0,70966.0,455.0,73.2,0.0,0.0,143.0,146.0,6.0,6.0,3.0,11.0,11.0,9.0,11.0,1.0,1.0,3.0,1.0,11.0,6.0,3.0,18.0,3.0,7.0,0.0,0.0,0.0,4.0,85.2,0.0,0.0,0.0,591170.0,24363.0,1700.0,37634.0,0,0,0,0,0,0,
13000.0,13000.0,13000.0,36.0,7.24,402.84,10.0,8.0,5.0,45000.0,1.0,0.0,700.0,704.0,0.0,45.0,0,6.0,0.0,4945.0,21.5,25.0,9666.42,9666.42,3978.08,3978.08,3333.58,644.5,0.0,48.0,0.0,0.0,4945.0,1.0,0.0,0.0,1.0,19.0,0.0,0,4.0,4.0,3547.0,22.0,23000.0,0.0,0.0,1.0,5.0,989.0,14700.0,24.6,0.0,0.0,100.0,248.0,5.0,5.0,1.0,7.0,47.0,11.0,47.0,0.0,2.0,3.0,4.0,9.0,3.0,6.0,19.0,3.0,6.0,0.0,0.0,0.0,4.0,84.0,0.0,0.0,0.0,23000.0,4945.0,19500.0,0.0,0,0,0,0,0,0,
24000.0,24000.0,24000.0,60.0,19.99,635.72,7.0,8.0,10.0,150000.0,1.0,0.0,710.0,714.0,1.0,0,0,7.0,0.0,52235.0,95.7,14.0,21729.6,21729.6,5654.85,5654.85,2270.4,3384.45,0.0,0,0.0,95.0,147402.0,0.0,3.0,1.0,2.0,7.0,95167.0,82.0,0.0,1.0,20697.0,89.0,54600.0,3.0,1.0,4.0,3.0,21057.0,2365.0,95.7,0.0,0.0,137.0,148.0,22.0,7.0,0.0,22.0,0,0.0,0,0.0,4.0,4.0,4.0,8.0,4.0,4.0,10.0,4.0,7.0,0.0,0.0,0.0,1.0,100.0,100.0,0.0,0.0,174974.0,147402.0,54600.0,120374.0,0,0,0,0,0,0,
20000.0,20000.0,20000.0,36.0,14.99,693.21,8.0,2.0,5.0,59200.0,1.0,1.0,660.0,664.0,0.0,0.0,0,16.0,0.0,3388.0,12.8,17.0,15804.3,15804.3,6197.25,6197.25,4195.7,2001.55,0.0,0,1.0,500.0,263533.0,0.0,5.0,0.0,1.0,21.0,260145.0,39.0,1.0,3.0,3086.0,29.0,26400.0,0.0,0.0,1.0,4.0,17569.0,9214.0,25.1,0.0,12.0,64.0,86.0,11.0,11.0,0.0,38.0,44.0,11.0,0.0,0.0,1.0,4.0,3.0,3.0,6.0,11.0,11.0,4.0,15.0,0.0,1.0,0.0,1.0,88.2,0.0,0.0,0.0,264642.0,263533.0,12300.0,238242.0,0,0,0,0,0,0,
5000.0,5000.0,5000.0,36.0,7.49,155.51,10.0,10.0,7.5,29000.0,1.0,0.0,735.0,739.0,0.0,31.0,0,5.0,0.0,4729.0,27.2,16.0,3852.94,3852.94,1394.39,1394.39,1147.06,247.33,0.0,0,0.0,0.0,81448.0,2.0,0.0,0.0,1.0,23.0,0.0,0,2.0,3.0,3276.0,27.0,17400.0,0.0,0.0,0.0,4.0,16290.0,11971.0,28.3,0.0,0.0,215.0,111.0,6.0,6.0,3.0,6.0,0,15.0,31.0,0.0,3.0,3.0,3.0,4.0,5.0,4.0,8.0,3.0,5.0,0.0,0.0,0.0,2.0,93.8,0.0,0.0,0.0,101085.0,4729.0,16700.0,0.0,0,0,0,0,0,0,
28000.0,28000.0,28000.0,60.0,18.99,726.19,7.0,10.0,7.5,140000.0,1.0,0.0,705.0,709.0,1.0,0,0,15.0,0.0,31089.0,70.2,28.0,25284.81,25284.81,6461.86,6461.86,2715.19,3746.67,0.0,0,0.0,0.0,474836.0,1.0,5.0,1.0,4.0,5.0,70346.0,78.0,1.0,1.0,11981.0,77.0,44300.0,2.0,1.0,11.0,7.0,31656.0,8210.0,78.9,0.0,0.0,132.0,175.0,11.0,5.0,3.0,11.0,0,5.0,0,0.0,6.0,7.0,6.0,6.0,14.0,8.0,10.0,7.0,15.0,0.0,0.0,0.0,3.0,100.0,66.7,0.0,0.0,512033.0,113023.0,38900.0,90176.0,0,0,0,0,0,0,
10000.0,10000.0,10000.0,36.0,26.24,404.19,6.0,3.0,7.5,52000.0,1.0,0.0,675.0,679.0,2.0,0,0,13.0,0.0,8278.0,38.1,16.0,8176.86,8176.86,3601.27,3601.27,1823.14,1778.13,0.0,0,0.0,0.0,121255.0,2.0,1.0,0.0,2.0,13.0,30510.0,84.0,4.0,9.0,3007.0,67.0,21700.0,4.0,1.0,7.0,12.0,9327.0,6882.0,52.2,0.0,0.0,67.0,37.0,3.0,3.0,1.0,7.0,0,3.0,0,0.0,4.0,5.0,5.0,5.0,4.0,10.0,11.0,5.0,13.0,0.0,0.0,0.0,5.0,100.0,20.0,0.0,0.0,141582.0,38788.0,14400.0,36318.0,0,0,0,0,0,0,
8325.0,8325.0,8325.0,36.0,10.49,270.55,9.0,10.0,7.5,54000.0,1.0,0.0,660.0,664.0,1.0,0,0,17.0,0.0,8329.0,62.2,28.0,6427.52,6427.52,2482.47,2482.47,1897.48,584.99,0.0,0,0.0,4520.0,153266.0,0.0,7.0,0.0,1.0,23.0,46603.0,89.0,0.0,0.0,2762.0,84.0,13400.0,0.0,0.0,1.0,1.0,9016.0,1275.0,68.9,0.0,0.0,143.0,106.0,29.0,23.0,1.0,55.0,0,1.0,0,0.0,2.0,8.0,3.0,4.0,17.0,9.0,10.0,8.0,17.0,0.0,0.0,0.0,0.0,100.0,33.3,0.0,0.0,173652.0,54932.0,4100.0,52245.0,0,0,0,0,0,0,
10000.0,10000.0,10000.0,36.0,15.99,351.53,8.0,2.0,10.0,40000.0,1.0,0.0,680.0,684.0,0.0,0,0,10.0,0.0,13106.0,75.3,24.0,7681.55,7681.55,3462.0,3462.0,2318.45,1143.55,0.0,0,0.0,0.0,88210.0,1.0,3.0,0.0,1.0,21.0,75104.0,96.0,2.0,2.0,3425.0,90.0,17400.0,0.0,1.0,1.0,3.0,8821.0,1767.0,86.4,0.0,0.0,110.0,176.0,3.0,3.0,0.0,3.0,0,11.0,0,0.0,5.0,7.0,5.0,7.0,14.0,7.0,10.0,7.0,10.0,0.0,0.0,0.0,2.0,95.7,80.0,0.0,0.0,94011.0,88210.0,13000.0,76611.0,0,0,0,0,0,0,
9000.0,9000.0,9000.0,36.0,8.24,283.03,9.0,2.0,5.0,65000.0,1.0,0.0,735.0,739.0,0.0,0,0,14.0,0.0,11602.0,51.3,18.0,6953.36,6953.36,2536.97,2536.97,2046.64,490.33,0.0,0,0.0,0.0,38912.0,0.0,7.0,1.0,1.0,12.0,27310.0,61.0,1.0,1.0,4394.0,58.0,22600.0,0.0,0.0,0.0,2.0,2993.0,9998.0,53.7,0.0,0.0,159.0,204.0,12.0,12.0,0.0,30.0,0,0,0,0.0,4.0,4.0,5.0,8.0,8.0,7.0,10.0,4.0,14.0,0.0,0.0,0.0,2.0,100.0,20.0,0.0,0.0,67116.0,38912.0,21600.0,44516.0,0,0,0,0,0,0,
16000.0,16000.0,16000.0,60.0,13.99,372.21,8.0,10.0,5.0,59000.0,1.0,0.0,735.0,739.0,0.0,0,0,30.0,0.0,5597.0,13.1,56.0,14248.82,14248.82,3318.8,3318.8,1751.18,1567.62,0.0,0,0.0,0.0,237096.0,2.0,20.0,3.0,5.0,3.0,231499.0,114.0,0.0,2.0,89.0,93.0,42600.0,0.0,0.0,1.0,7.0,7903.0,23690.0,0.5,0.0,0.0,140.0,90.0,14.0,3.0,0.0,14.0,0,7.0,0,0.0,2.0,5.0,5.0,7.0,41.0,10.0,15.0,5.0,30.0,0.0,0.0,0.0,3.0,100.0,0.0,0.0,0.0,254684.0,237096.0,23800.0,212084.0,0,0,0,0,0,0,
2000.0,2000.0,2000.0,36.0,7.49,62.21,10.0,6.0,5.0,42000.0,1.0,0.0,780.0,784.0,0.0,0,0,27.0,0.0,6288.0,6.5,40.0,0.0,0.0,2035.97644791,2035.98,2000.0,35.98,0.0,0,0.0,0.0,33925.0,1.0,3.0,1.0,3.0,2.0,27637.0,81.0,2.0,6.0,2206.0,26.0,97100.0,0.0,0.0,1.0,9.0,1305.0,82985.0,6.1,0.0,0.0,45.0,198.0,7.0,2.0,0.0,7.0,0,9.0,0,0.0,13.0,16.0,17.0,24.0,5.0,24.0,35.0,16.0,27.0,0.0,0.0,0.0,3.0,100.0,0.0,0.0,0.0,131275.0,33925.0,88400.0,34175.0,0,0,0,0,0,0,
8050.0,8050.0,8050.0,36.0,17.99,290.99,7.0,10.0,7.5,120000.0,1.0,2.0,705.0,709.0,2.0,17.0,0,11.0,0.0,22654.0,55.7,21.0,6422.03,6422.03,2598.8,2598.8,1627.97,970.83,0.0,0,0.0,0.0,411045.0,2.0,1.0,0.0,2.0,13.0,29844.0,85.0,1.0,2.0,11527.0,67.0,40700.0,0.0,0.0,2.0,5.0,37368.0,18046.0,55.7,0.0,0.0,61.0,208.0,1.0,1.0,6.0,1.0,19.0,0.0,19.0,0.0,5.0,5.0,6.0,9.0,4.0,6.0,10.0,5.0,11.0,0.0,0.0,0.0,2.0,81.0,16.7,0.0,0.0,451347.0,53457.0,40700.0,35000.0,0,0,0,0,0,0,
20000.0,20000.0,20000.0,36.0,15.99,703.05,8.0,1.0,5.0,235000.0,1.0,1.0,660.0,664.0,3.0,10.0,0,13.0,0.0,19895.0,38.9,36.0,15854.99,15854.99,6283.03,6283.03,4145.01,2138.02,0.0,0,0.0,0.0,52741.0,0.0,2.0,0.0,1.0,21.0,28240.0,82.0,1.0,2.0,5491.0,51.0,52100.0,4.0,0.0,3.0,4.0,4057.0,30889.0,38.3,0.0,0.0,127.0,158.0,11.0,7.0,4.0,11.0,0,0.0,0,0.0,8.0,9.0,8.0,12.0,12.0,10.0,19.0,9.0,13.0,0.0,0.0,0.0,2.0,97.1,12.5,0.0,0.0,96388.0,52741.0,50100.0,37526.0,0,0,0,0,0,0,
12000.0,12000.0,12000.0,36.0,14.99,415.93,8.0,10.0,7.5,68000.0,1.0,0.0,670.0,674.0,1.0,26.0,0,8.0,0.0,5206.0,85.3,21.0,0.0,0.0,12899.7755321,12899.78,12000.0,878.98,20.8000000273,43.0,0.0,0.0,273093.0,1.0,3.0,3.0,3.0,6.0,14833.0,91.0,1.0,1.0,2294.0,89.0,6100.0,2.0,2.0,3.0,5.0,34137.0,594.0,89.8,0.0,0.0,302.0,349.0,8.0,6.0,3.0,8.0,26.0,5.0,26.0,3.0,3.0,3.0,3.0,4.0,8.0,4.0,10.0,3.0,8.0,0.0,0.0,0.0,5.0,66.7,100.0,0.0,0.0,278443.0,20039.0,5800.0,16343.0,0,0,0,0,0,0,
2400.0,2400.0,2400.0,36.0,7.99,75.2,10.0,10.0,7.5,26000.0,1.0,0.0,800.0,804.0,0.0,0,0,14.0,0.0,2117.0,4.5,32.0,1852.6,1852.6,674.14,674.14,547.4,126.74,0.0,0,0.0,0.0,75903.0,0.0,2.0,0.0,0.0,27.0,18676.0,59.0,1.0,2.0,543.0,26.0,47300.0,0.0,1.0,0.0,2.0,5839.0,26485.0,4.7,0.0,0.0,137.0,144.0,7.0,7.0,1.0,7.0,0,18.0,0,0.0,4.0,6.0,6.0,7.0,15.0,10.0,15.0,6.0,14.0,0.0,0.0,0.0,1.0,100.0,0.0,0.0,0.0,139106.0,20793.0,27800.0,31906.0,0,0,0,0,0,0,
3500.0,3500.0,3500.0,36.0,7.99,109.67,10.0,8.0,7.5,145000.0,1.0,7.0,695.0,699.0,0.0,11.0,0,8.0,0.0,3214.0,31.2,30.0,0.0,0.0,3537.607458,3537.61,3500.0,37.61,0.0,0,0.0,0.0,384441.0,0.0,3.0,0.0,0.0,33.0,106548.0,41.0,0.0,0.0,3009.0,38.0,10300.0,1.0,0.0,0.0,0.0,48055.0,0.0,100.3,0.0,0.0,142.0,272.0,28.0,28.0,5.0,28.0,12.0,16.0,12.0,0.0,1.0,2.0,1.0,7.0,12.0,4.0,13.0,2.0,8.0,0.0,0.0,0.0,0.0,73.3,100.0,0.0,0.0,458466.0,109762.0,3000.0,155522.0,0,0,0,0,0,0,
10000.0,10000.0,10000.0,36.0,10.49,324.98,9.0,10.0,7.5,99000.0,1.0,0.0,690.0,694.0,0.0,44.0,0,13.0,0.0,128691.0,24.1,25.0,0.0,0.0,10490.8608708,10490.86,10000.0,490.86,0.0,44.0,0.0,0.0,548234.0,1.0,3.0,3.0,5.0,4.0,53705.0,88.0,0.0,1.0,4087.0,52.0,212500.0,0.0,1.0,1.0,6.0,42172.0,16460.0,35.5,0.0,0.0,61.0,417.0,13.0,4.0,2.0,13.0,68.0,0.0,44.0,5.0,3.0,5.0,4.0,9.0,7.0,9.0,16.0,5.0,13.0,0.0,0.0,0.0,3.0,79.2,25.0,0.0,0.0,884654.0,182396.0,25500.0,64154.0,0,0,0,0,0,0,
18000.0,18000.0,18000.0,60.0,8.24,367.05,9.0,8.0,7.5,95000.0,1.0,0.0,730.0,734.0,0.0,56.0,0,6.0,0.0,22473.0,45.4,20.0,15747.79,15747.79,3344.65,3344.65,2252.21,1092.44,0.0,0,0.0,0.0,299023.0,1.0,2.0,1.0,2.0,5.0,40823.0,37.0,0.0,0.0,11788.0,43.0,49500.0,1.0,1.0,4.0,3.0,49837.0,27027.0,45.4,0.0,0.0,129.0,223.0,69.0,5.0,4.0,69.0,0,5.0,56.0,0.0,3.0,3.0,3.0,7.0,5.0,3.0,11.0,3.0,6.0,0.0,0.0,0.0,2.0,95.0,0.0,0.0,0.0,343608.0,63296.0,49500.0,55108.0,0,0,0,0,0,0,
8000.0,8000.0,8000.0,36.0,13.99,273.39,8.0,3.0,5.0,47000.0,1.0,1.0,665.0,669.0,0.0,23.0,0,5.0,0.0,2250.0,80.4,8.0,6301.2,6301.2,2444.97,2444.97,1698.8,746.17,0.0,28.0,0.0,0.0,54425.0,2.0,2.0,1.0,1.0,5.0,52175.0,96.0,1.0,2.0,1983.0,94.0,2800.0,1.0,1.0,2.0,3.0,10885.0,550.0,80.4,0.0,0.0,197.0,186.0,2.0,2.0,1.0,2.0,23.0,5.0,23.0,2.0,2.0,2.0,3.0,3.0,3.0,3.0,4.0,2.0,5.0,0.0,0.0,0.0,2.0,75.0,33.3,0.0,0.0,66870.0,54425.0,2800.0,64070.0,0,0,0,0,0,0,
12000.0,12000.0,12000.0,36.0,18.99,439.82,7.0,10.0,5.0,77000.0,1.0,0.0,665.0,669.0,0.0,52.0,0,15.0,0.0,42108.0,85.4,24.0,9602.96,9602.96,3926.73,3926.73,2397.04,1529.69,0.0,59.0,0.0,0.0,482061.0,0.0,4.0,0.0,3.0,16.0,40124.0,104.0,0.0,2.0,4002.0,94.0,49300.0,0.0,7.0,2.0,5.0,32137.0,179.0,96.4,0.0,0.0,115.0,266.0,19.0,16.0,2.0,54.0,0,4.0,59.0,1.0,2.0,10.0,2.0,3.0,9.0,10.0,13.0,10.0,15.0,0.0,0.0,0.0,0.0,91.7,100.0,0.0,0.0,516805.0,82232.0,5000.0,38505.0,0,0,0,0,0,0,
11200.0,11200.0,11200.0,60.0,15.99,272.31,8.0,10.0,5.0,70000.0,1.0,0.0,730.0,734.0,0.0,0,0,12.0,0.0,15727.0,47.5,20.0,10031.46,10031.46,2425.92,2425.92,1168.54,1257.38,0.0,0,0.0,0.0,62545.0,0.0,4.0,1.0,3.0,9.0,46818.0,78.0,0.0,2.0,5156.0,67.0,33100.0,1.0,4.0,1.0,5.0,5686.0,3829.0,72.7,0.0,0.0,163.0,174.0,13.0,9.0,0.0,13.0,0,9.0,0,0.0,2.0,4.0,3.0,5.0,9.0,8.0,11.0,4.0,12.0,0.0,0.0,0.0,1.0,100.0,50.0,0.0,0.0,93095.0,62545.0,14000.0,59995.0,0,0,0,0,0,0,
15000.0,15000.0,15000.0,36.0,5.32,451.73,10.0,10.0,7.5,98000.0,1.0,1.0,705.0,709.0,0.0,2.0,0,15.0,0.0,8012.0,10.5,31.0,11470.81,11470.81,4054.49,4054.49,3529.19,525.3,0.0,0,0.0,434.0,175233.0,2.0,1.0,0.0,1.0,19.0,1680.0,14.0,3.0,6.0,3151.0,11.0,76300.0,0.0,1.0,1.0,7.0,12517.0,32812.0,12.5,0.0,0.0,137.0,166.0,4.0,4.0,3.0,4.0,0,12.0,2.0,0.0,2.0,5.0,5.0,9.0,4.0,12.0,24.0,5.0,15.0,0.0,0.0,0.0,3.0,93.5,0.0,0.0,0.0,269003.0,9692.0,37500.0,12489.0,0,0,0,0,0,0,
6400.0,6400.0,6400.0,36.0,13.49,217.16,8.0,4.0,5.0,35000.0,1.0,0.0,665.0,669.0,2.0,0,74.0,8.0,2.0,3870.0,34.2,24.0,5032.74,5032.74,1942.45,1942.45,1367.26,575.19,0.0,0,0.0,0.0,3870.0,2.0,0.0,0.0,0.0,0,0.0,0,3.0,7.0,1972.0,34.0,11300.0,0.0,0.0,2.0,7.0,484.0,128.0,93.9,0.0,0.0,0,241.0,0.0,0.0,0.0,24.0,0,0.0,0,0.0,1.0,6.0,1.0,13.0,0.0,8.0,24.0,6.0,8.0,0.0,0.0,0.0,3.0,100.0,100.0,2.0,0.0,11300.0,3870.0,2100.0,0.0,0,0,0,0,0,0,
11200.0,11200.0,11200.0,60.0,15.99,272.31,8.0,10.0,5.0,65000.0,1.0,0.0,665.0,669.0,0.0,42.0,0,7.0,0.0,10288.0,83.0,8.0,10033.26,10033.26,2440.92,2440.92,1166.74,1259.18,15.0,0,0.0,0.0,21037.0,0.0,2.0,0.0,1.0,24.0,10749.0,31.0,0.0,0.0,2985.0,45.0,12400.0,0.0,2.0,0.0,1.0,3005.0,366.0,92.5,0.0,0.0,119.0,110.0,28.0,24.0,0.0,61.0,42.0,0,42.0,0.0,3.0,5.0,3.0,3.0,3.0,5.0,5.0,5.0,7.0,0.0,0.0,0.0,0.0,87.5,100.0,0.0,0.0,46710.0,21037.0,4900.0,34310.0,0,0,0,0,0,0,
35000.0,35000.0,35000.0,36.0,13.49,1187.57,8.0,10.0,7.5,93953.0,1.0,0.0,700.0,704.0,0.0,47.0,0,19.0,0.0,29268.0,71.6,48.0,27523.04,27523.04,10622.55,10622.55,7476.96,3145.59,0.0,63.0,0.0,0.0,292976.0,0.0,3.0,0.0,0.0,35.0,7342.0,26.0,0.0,0.0,9029.0,53.0,40900.0,0.0,0.0,0.0,0.0,19532.0,1716.0,92.2,0.0,0.0,145.0,263.0,39.0,35.0,3.0,137.0,67.0,14.0,67.0,4.0,3.0,9.0,3.0,10.0,10.0,15.0,35.0,9.0,19.0,0.0,0.0,0.0,0.0,76.1,100.0,0.0,0.0,363894.0,36610.0,22000.0,27994.0,0,0,0,0,0,0,
4000.0,4000.0,4000.0,36.0,7.24,123.95,10.0,10.0,7.5,64000.0,1.0,3.0,700.0,704.0,0.0,15.0,0,10.0,0.0,7608.0,82.7,33.0,3079.66,3079.66,1111.53,1111.53,920.34,191.19,0.0,45.0,0.0,0.0,152296.0,0.0,4.0,2.0,4.0,7.0,35059.0,81.0,0.0,1.0,2435.0,81.0,9200.0,0.0,0.0,0.0,5.0,15230.0,100.0,97.5,0.0,0.0,144.0,338.0,15.0,7.0,2.0,29.0,22.0,15.0,18.0,4.0,2.0,5.0,2.0,9.0,13.0,5.0,16.0,5.0,10.0,0.0,0.0,0.0,2.0,71.0,100.0,0.0,0.0,178888.0,42667.0,4000.0,43417.0,0,0,0,0,0,0,
15000.0,15000.0,15000.0,60.0,17.99,380.82,7.0,5.0,5.0,59600.0,1.0,0.0,720.0,724.0,0.0,0,0,8.0,0.0,22514.0,45.6,12.0,13509.32,13509.32,3389.9,3389.9,1490.68,1899.22,0.0,0,0.0,0.0,38789.0,0.0,2.0,0.0,0.0,25.0,16275.0,44.0,0.0,1.0,8035.0,45.0,49400.0,0.0,0.0,0.0,1.0,4849.0,25101.0,45.3,0.0,0.0,74.0,126.0,22.0,22.0,0.0,22.0,0,0,0,0.0,4.0,6.0,4.0,5.0,5.0,6.0,7.0,6.0,8.0,0.0,0.0,0.0,0.0,100.0,50.0,0.0,0.0,86572.0,38789.0,45900.0,37172.0,0,0,0,0,0,0,
6025.0,6025.0,6025.0,36.0,13.99,205.9,8.0,1.0,5.0,80000.0,1.0,0.0,660.0,664.0,1.0,36.0,0,9.0,0.0,12546.0,85.3,14.0,4745.56,4745.56,1841.39,1841.39,1279.44,561.95,0.0,49.0,0.0,0.0,70091.0,1.0,5.0,0.0,1.0,16.0,57545.0,84.0,1.0,2.0,6698.0,84.0,14700.0,4.0,0.0,3.0,3.0,7788.0,628.0,93.9,0.0,0.0,109.0,62.0,5.0,5.0,0.0,5.0,0,0.0,0,3.0,3.0,4.0,3.0,3.0,10.0,4.0,4.0,4.0,9.0,0.0,0.0,0.0,1.0,58.3,100.0,0.0,0.0,85371.0,70091.0,10300.0,70671.0,0,0,0,0,0,0,
10000.0,10000.0,10000.0,36.0,13.99,341.73,8.0,8.0,10.0,100000.0,1.0,0.0,710.0,714.0,0.0,0,0,19.0,0.0,32107.0,52.1,57.0,0.0,0.0,10951.075499,10951.08,10000.0,951.08,0.0,0,0.0,0.0,276465.0,2.0,2.0,1.0,2.0,11.0,75114.0,92.0,2.0,3.0,8779.0,65.0,61600.0,1.0,0.0,1.0,5.0,19748.0,23993.0,57.2,0.0,0.0,162.0,179.0,2.0,2.0,3.0,2.0,0,11.0,0,0.0,5.0,5.0,8.0,14.0,20.0,16.0,34.0,5.0,19.0,0.0,0.0,0.0,3.0,100.0,25.0,0.0,0.0,341242.0,107221.0,56100.0,79242.0,0,0,0,0,0,0,
24000.0,24000.0,24000.0,60.0,18.99,622.45,7.0,7.0,7.5,77000.0,1.0,0.0,705.0,709.0,0.0,0,0,13.0,0.0,14267.0,47.4,29.0,20246.92,20246.92,6938.75,6938.75,3753.08,3185.67,0.0,0,0.0,0.0,125877.0,0.0,2.0,0.0,3.0,16.0,23725.0,79.0,0.0,0.0,4154.0,63.0,30100.0,2.0,2.0,1.0,4.0,9683.0,1727.0,88.9,0.0,0.0,157.0,196.0,31.0,10.0,3.0,31.0,0,11.0,0,0.0,7.0,8.0,7.0,9.0,13.0,9.0,13.0,8.0,13.0,0.0,0.0,0.0,1.0,100.0,85.7,0.0,0.0,157433.0,37992.0,15500.0,30143.0,0,0,0,0,0,0,
25075.0,25075.0,25075.0,60.0,14.99,596.41,8.0,10.0,7.5,64000.0,1.0,0.0,740.0,744.0,1.0,0,0,23.0,0.0,8922.0,9.2,38.0,0.0,0.0,25418.6128439,25418.61,25075.0,343.61,0.0,0,0.0,216.0,169781.0,2.0,1.0,1.0,1.0,12.0,6904.0,69.0,4.0,7.0,3828.0,15.0,96900.0,0.0,0.0,1.0,8.0,7717.0,76844.0,9.4,0.0,0.0,127.0,158.0,2.0,2.0,5.0,2.0,0,2.0,0,0.0,8.0,9.0,16.0,19.0,6.0,21.0,27.0,9.0,23.0,0.0,0.0,0.0,5.0,100.0,0.0,0.0,0.0,271466.0,15826.0,84800.0,10000.0,0,0,0,0,0,0,
9600.0,9600.0,9600.0,36.0,13.99,328.06,8.0,5.0,5.0,52000.0,1.0,0.0,685.0,689.0,1.0,74.0,0,26.0,0.0,14732.0,37.9,31.0,7561.51,7561.51,2933.89,2933.89,2038.49,895.4,0.0,74.0,0.0,0.0,70756.0,1.0,5.0,0.0,2.0,14.0,56024.0,87.0,2.0,7.0,7377.0,68.0,38900.0,1.0,0.0,2.0,9.0,2948.0,18462.0,41.8,0.0,0.0,141.0,67.0,6.0,6.0,0.0,10.0,0,6.0,0,1.0,8.0,11.0,12.0,12.0,7.0,21.0,24.0,11.0,26.0,0.0,0.0,0.0,2.0,96.8,25.0,0.0,0.0,103692.0,70756.0,31700.0,64792.0,0,0,0,0,0,0,
10500.0,10500.0,10500.0,36.0,15.99,369.1,8.0,1.0,7.5,180000.0,1.0,2.0,660.0,664.0,2.0,10.0,49.0,14.0,4.0,6598.0,66.0,24.0,8323.88,8323.88,3298.58,3298.58,2176.12,1122.46,0.0,10.0,0.0,401.0,278704.0,3.0,4.0,2.0,2.0,5.0,58740.0,56.0,6.0,6.0,2630.0,60.0,10000.0,2.0,2.0,8.0,8.0,19907.0,1259.0,79.0,0.0,0.0,148.0,368.0,3.0,3.0,3.0,5.0,62.0,5.0,62.0,7.0,4.0,8.0,4.0,7.0,7.0,8.0,13.0,8.0,13.0,0.0,0.0,2.0,8.0,70.8,100.0,0.0,0.0,323899.0,67088.0,6000.0,76149.0,0,0,0,0,0,0,
6050.0,6050.0,6050.0,36.0,22.74,233.38,6.0,5.0,7.5,26000.0,1.0,0.0,685.0,689.0,0.0,0,83.0,12.0,1.0,13745.0,40.4,23.0,4896.72,4896.72,2081.31,2081.31,1153.28,928.03,0.0,0,0.0,0.0,54938.0,0.0,1.0,0.0,1.0,13.0,5884.0,70.0,0.0,1.0,9961.0,46.0,34000.0,0.0,0.0,0.0,3.0,5494.0,14133.0,47.8,0.0,0.0,137.0,333.0,24.0,13.0,1.0,52.0,0,16.0,0,0.0,3.0,4.0,5.0,10.0,4.0,10.0,18.0,4.0,12.0,0.0,0.0,0.0,0.0,100.0,75.0,1.0,0.0,78393.0,19629.0,27100.0,8425.0,0,0,0,0,0,0,
1600.0,1600.0,1600.0,36.0,15.99,56.25,8.0,5.0,5.0,32000.0,1.0,0.0,680.0,684.0,0.0,34.0,0,27.0,0.0,5375.0,51.2,59.0,1268.34,1268.34,502.7,502.7,331.66,171.04,0.0,34.0,0.0,0.0,139687.0,2.0,21.0,3.0,4.0,4.0,134312.0,104.0,2.0,3.0,2469.0,100.0,10500.0,3.0,0.0,0.0,7.0,5174.0,1336.0,77.0,0.0,0.0,141.0,84.0,4.0,4.0,0.0,4.0,0,16.0,34.0,2.0,3.0,5.0,3.0,4.0,49.0,6.0,10.0,5.0,27.0,0.0,0.0,0.0,5.0,91.5,66.7,0.0,0.0,139874.0,139687.0,5800.0,129374.0,0,0,0,0,0,0,
20000.0,20000.0,20000.0,36.0,7.99,626.64,10.0,8.0,7.5,120000.0,1.0,0.0,710.0,714.0,0.0,0,0,12.0,0.0,20515.0,31.1,19.0,15438.6,15438.6,5617.57,5617.57,4561.4,1056.17,0.0,0,0.0,0.0,20515.0,0.0,0.0,0.0,0.0,87.0,0.0,0,1.0,3.0,7929.0,31.0,66000.0,0.0,1.0,1.0,5.0,1710.0,41712.0,32.7,0.0,0.0,87.0,119.0,7.0,7.0,2.0,14.0,0,4.0,0,0.0,7.0,8.0,10.0,12.0,1.0,12.0,16.0,8.0,12.0,0.0,0.0,0.0,1.0,100.0,0.0,0.0,0.0,66000.0,20515.0,62000.0,0.0,0,0,0,0,0,0,
23500.0,23500.0,23500.0,60.0,13.99,546.69,8.0,10.0,5.0,73000.0,1.0,0.0,720.0,724.0,0.0,0,0,9.0,0.0,15613.0,88.2,22.0,20927.89,20927.89,4991.9,4991.9,2572.11,2419.79,0.0,0,0.0,0.0,48213.0,0.0,5.0,0.0,0.0,35.0,32600.0,77.0,0.0,0.0,9691.0,81.0,17700.0,0.0,1.0,0.0,0.0,5357.0,787.0,95.2,0.0,0.0,164.0,215.0,37.0,35.0,0.0,45.0,0,0,0,0.0,2.0,2.0,2.0,6.0,7.0,3.0,13.0,2.0,9.0,0.0,0.0,0.0,0.0,100.0,100.0,0.0,0.0,59850.0,48213.0,16400.0,42150.0,0,0,0,0,0,0,
21000.0,21000.0,21000.0,36.0,13.99,717.63,8.0,10.0,7.5,70000.0,1.0,0.0,685.0,689.0,1.0,45.0,0,15.0,0.0,14507.0,41.9,34.0,11330.57,11330.57,11479.95,11479.95,9669.43,1810.52,0.0,0,0.0,0.0,65060.0,1.0,0.0,0.0,0.0,64.0,0.0,0,1.0,5.0,4072.0,42.0,34600.0,1.0,0.0,4.0,5.0,4337.0,11393.0,55.8,0.0,0.0,137.0,114.0,6.0,6.0,3.0,6.0,0,2.0,45.0,0.0,8.0,9.0,9.0,14.0,3.0,13.0,27.0,9.0,15.0,0.0,0.0,0.0,1.0,97.1,11.1,0.0,0.0,99350.0,14846.0,25800.0,0.0,0,0,0,0,0,0,
2000.0,2000.0,2000.0,36.0,7.24,61.98,10.0,4.0,5.0,57000.0,1.0,0.0,740.0,744.0,0.0,0,0,3.0,0.0,5763.0,50.6,19.0,1539.78,1539.78,555.81,555.81,460.22,95.59,0.0,0,0.0,0.0,11617.0,0.0,2.0,0.0,1.0,15.0,5854.0,26.0,0.0,1.0,0.0,35.0,11400.0,0.0,3.0,0.0,2.0,3872.0,0,0,0.0,0.0,44.0,91.0,14.0,14.0,0.0,0,0,0,0,0.0,0.0,1.0,0.0,7.0,6.0,1.0,12.0,1.0,3.0,0.0,0.0,0.0,0.0,100.0,0,0.0,0.0,33540.0,11617.0,0.0,22140.0,0,0,0,0,0,0,
21000.0,21000.0,21000.0,36.0,11.39,691.4,9.0,3.0,5.0,108000.0,1.0,1.0,700.0,704.0,0.0,10.0,0,11.0,0.0,5436.0,24.1,37.0,16399.4,16399.4,6275.76,6275.76,4600.6,1675.16,0.0,10.0,0.0,0.0,44663.0,1.0,2.0,2.0,3.0,5.0,39227.0,89.0,1.0,1.0,4571.0,66.0,22600.0,1.0,0.0,2.0,4.0,4466.0,8529.0,34.9,1.0,0.0,58.0,264.0,9.0,5.0,0.0,9.0,10.0,5.0,10.0,7.0,1.0,2.0,5.0,17.0,5.0,8.0,31.0,2.0,11.0,0.0,0.0,1.0,3.0,83.3,20.0,0.0,0.0,67710.0,44663.0,13100.0,44035.0,0,0,0,0,0,0,
12000.0,12000.0,12000.0,60.0,12.74,271.45,8.0,3.0,7.5,122496.0,1.0,1.0,725.0,729.0,0.0,19.0,0,15.0,0.0,43219.0,15.5,28.0,0.0,0.0,12005.7788,12005.78,12000.0,5.78,0.0,0,0.0,297.0,351668.0,0.0,7.0,3.0,6.0,11.0,308449.0,70.0,0.0,1.0,937.0,54.0,58200.0,0.0,1.0,0.0,7.0,23445.0,9163.0,19.9,0.0,0.0,129.0,290.0,22.0,11.0,2.0,30.0,19.0,18.0,19.0,0.0,1.0,3.0,4.0,6.0,14.0,8.0,12.0,3.0,15.0,0.0,0.0,0.0,3.0,100.0,0.0,0.0,0.0,373171.0,351668.0,10100.0,314971.0,0,0,0,0,0,0,
20000.0,20000.0,20000.0,36.0,13.99,683.46,8.0,10.0,5.0,72000.0,1.0,0.0,710.0,714.0,0.0,0,0,14.0,0.0,19938.0,36.7,19.0,0.0,0.0,20331.0568648,20331.06,20000.0,331.06,0.0,0,0.0,0.0,19938.0,4.0,0.0,0.0,1.0,18.0,0.0,0,6.0,8.0,9609.0,37.0,54300.0,0.0,2.0,0.0,9.0,1534.0,26575.0,42.5,0.0,0.0,69.0,241.0,1.0,1.0,0.0,5.0,0,22.0,0,0.0,6.0,8.0,9.0,11.0,2.0,14.0,17.0,8.0,14.0,0.0,0.0,0.0,6.0,100.0,25.0,0.0,0.0,54300.0,19938.0,46200.0,0.0,0,0,0,0,0,0,
14000.0,14000.0,14000.0,36.0,7.49,435.43,10.0,9.0,5.0,118779.0,1.0,0.0,680.0,684.0,0.0,38.0,0,10.0,0.0,11556.0,47.0,26.0,10788.22,10788.22,3904.31,3904.31,3211.78,692.53,0.0,0,0.0,0.0,107594.0,0.0,2.0,0.0,1.0,13.0,95534.0,68.0,0.0,2.0,6214.0,58.0,24600.0,1.0,0.0,1.0,4.0,11955.0,308.0,96.4,0.0,0.0,167.0,163.0,24.0,10.0,0.0,24.0,0,8.0,0,0.0,2.0,4.0,2.0,4.0,12.0,7.0,12.0,4.0,10.0,0.0,0.0,0.0,1.0,69.2,100.0,0.0,0.0,117633.0,107594.0,8500.0,92529.0,0,0,0,0,0,0,
15600.0,15600.0,15600.0,60.0,10.49,335.23,9.0,10.0,5.0,60000.0,1.0,1.0,715.0,719.0,0.0,17.0,0,9.0,0.0,4540.0,31.1,27.0,13494.03,13494.03,3234.34,3234.34,2105.97,1128.37,0.0,57.0,0.0,0.0,18385.0,0.0,4.0,0.0,1.0,22.0,13845.0,42.0,1.0,3.0,4540.0,39.0,14600.0,0.0,1.0,1.0,4.0,2298.0,3960.0,53.4,0.0,0.0,172.0,124.0,12.0,12.0,0.0,12.0,0,5.0,0,6.0,1.0,1.0,2.0,2.0,20.0,5.0,7.0,1.0,9.0,0.0,0.0,0.0,1.0,70.4,0.0,0.0,0.0,47474.0,18385.0,8500.0,32874.0,0,0,0,0,0,0,
26675.0,26675.0,26675.0,36.0,11.49,879.51,9.0,3.0,7.5,190000.0,1.0,0.0,710.0,714.0,0.0,29.0,0,7.0,0.0,903.0,6.6,13.0,20838.13,20838.13,7873.02,7873.02,5836.87,2036.15,0.0,30.0,0.0,4272.0,421002.0,0.0,3.0,0.0,2.0,16.0,39466.0,48.0,0.0,1.0,790.0,42.0,13600.0,8.0,0.0,7.0,3.0,60143.0,3597.0,20.1,0.0,0.0,146.0,230.0,23.0,16.0,1.0,23.0,29.0,1.0,29.0,1.0,2.0,2.0,2.0,3.0,7.0,3.0,5.0,2.0,7.0,0.0,0.0,0.0,0.0,72.7,50.0,0.0,0.0,527992.0,40369.0,4500.0,81648.0,0,0,0,0,0,0,
19000.0,19000.0,19000.0,60.0,25.49,563.15,6.0,10.0,7.5,50000.0,1.0,2.0,670.0,674.0,0.0,13.0,0,10.0,0.0,3536.0,84.2,53.0,17435.72,17435.72,5001.08,5001.08,1564.28,3436.8,0.0,0,0.0,0.0,37515.0,3.0,5.0,5.0,13.0,1.0,18254.0,56.0,1.0,2.0,1795.0,59.0,4200.0,2.0,1.0,1.0,15.0,3752.0,196.0,92.2,0.0,0.0,119.0,185.0,7.0,1.0,1.0,14.0,0,12.0,13.0,0.0,2.0,3.0,2.0,2.0,47.0,3.0,5.0,3.0,10.0,0.0,0.0,0.0,6.0,96.2,100.0,0.0,0.0,79996.0,21790.0,2500.0,32902.0,0,0,0,0,0,0,
16000.0,16000.0,16000.0,36.0,12.74,537.11,8.0,6.0,7.5,65000.0,1.0,0.0,665.0,669.0,1.0,40.0,0,8.0,0.0,10712.0,80.5,14.0,12550.92,12550.92,4805.68,4805.68,3449.08,1356.6,0.0,40.0,0.0,575.0,342015.0,1.0,1.0,0.0,0.0,25.0,5551.0,40.0,0.0,0.0,5241.0,60.0,13300.0,0.0,0.0,3.0,1.0,42752.0,2588.0,80.5,0.0,0.0,158.0,112.0,27.0,6.0,1.0,27.0,40.0,6.0,40.0,1.0,6.0,6.0,6.0,8.0,4.0,6.0,9.0,6.0,8.0,0.0,0.0,0.0,1.0,78.6,66.7,0.0,0.0,356016.0,16263.0,13300.0,13945.0,0,0,0,0,0,0,
12000.0,12000.0,12000.0,36.0,17.99,433.77,7.0,10.0,5.0,31500.0,1.0,0.0,660.0,664.0,0.0,57.0,92.0,14.0,1.0,12182.0,61.2,31.0,9573.25,9573.25,3873.95,3873.95,2426.75,1447.2,0.0,57.0,0.0,0.0,97665.0,0.0,3.0,0.0,4.0,14.0,85483.0,91.0,0.0,4.0,2463.0,83.0,19900.0,1.0,1.0,0.0,8.0,6976.0,666.0,92.8,0.0,0.0,72.0,153.0,14.0,14.0,0.0,14.0,0,15.0,0,1.0,6.0,11.0,6.0,8.0,15.0,11.0,15.0,11.0,14.0,0.0,0.0,0.0,0.0,96.8,100.0,1.0,0.0,108054.0,97665.0,9300.0,88154.0,0,0,0,0,0,0,
17600.0,17600.0,17600.0,60.0,13.49,404.89,8.0,10.0,7.5,125000.0,1.0,0.0,745.0,749.0,0.0,0,0,25.0,0.0,11212.0,30.3,43.0,15650.65,15650.65,3611.03,3611.03,1949.35,1661.68,0.0,0,0.0,0.0,408633.0,1.0,15.0,1.0,1.0,12.0,228103.0,109.0,1.0,2.0,5242.0,88.0,37000.0,0.0,0.0,0.0,3.0,16345.0,23795.0,30.6,0.0,0.0,178.0,226.0,3.0,3.0,6.0,16.0,0,0,0,0.0,5.0,6.0,7.0,11.0,19.0,9.0,18.0,6.0,25.0,0.0,0.0,0.0,2.0,100.0,28.6,0.0,0.0,499616.0,239315.0,34300.0,188433.0,0,0,0,0,0,0,
4000.0,4000.0,4000.0,36.0,14.99,138.65,8.0,10.0,5.0,45000.0,1.0,0.0,715.0,719.0,1.0,0,0,14.0,0.0,7549.0,18.6,28.0,3160.78,3160.78,1239.52,1239.52,839.22,400.3,0.0,0,0.0,0.0,24592.0,0.0,2.0,2.0,3.0,9.0,17043.0,83.0,2.0,4.0,2065.0,40.0,40600.0,1.0,0.0,2.0,7.0,1757.0,24419.0,21.5,0.0,0.0,131.0,52.0,8.0,8.0,0.0,8.0,0,3.0,0,0.0,8.0,10.0,9.0,11.0,13.0,12.0,15.0,10.0,14.0,0.0,0.0,0.0,4.0,100.0,0.0,0.0,0.0,61225.0,24592.0,31100.0,20625.0,0,0,0,0,0,0,
12000.0,12000.0,12000.0,60.0,22.74,336.5,6.0,3.0,5.0,57000.0,1.0,0.0,670.0,674.0,1.0,0,72.0,5.0,1.0,1466.0,27.7,12.0,0.0,0.0,12903.3537529,12903.35,12000.0,903.35,0.0,0,0.0,0.0,12164.0,1.0,1.0,1.0,3.0,7.0,10698.0,90.0,4.0,5.0,513.0,71.0,5300.0,2.0,0.0,4.0,8.0,2433.0,1487.0,25.7,0.0,0.0,142.0,147.0,4.0,4.0,0.0,4.0,0,2.0,0,0.0,1.0,2.0,2.0,5.0,5.0,4.0,7.0,2.0,5.0,0.0,0.0,0.0,5.0,100.0,0.0,0.0,0.0,17226.0,12164.0,2000.0,11926.0,0,0,0,0,0,0,
12000.0,12000.0,12000.0,36.0,11.49,395.66,9.0,5.0,7.5,40000.0,1.0,0.0,695.0,699.0,0.0,35.0,0,14.0,0.0,11897.0,46.8,40.0,9374.19,9374.19,3541.79,3541.79,2625.81,915.98,0.0,39.0,0.0,0.0,243109.0,1.0,9.0,0.0,0.0,54.0,37140.0,130.0,1.0,2.0,5514.0,91.0,25400.0,0.0,0.0,0.0,4.0,17365.0,2917.0,75.3,0.0,0.0,135.0,124.0,4.0,4.0,2.0,4.0,35.0,24.0,35.0,2.0,2.0,3.0,2.0,4.0,32.0,4.0,6.0,3.0,14.0,0.0,0.0,0.0,2.0,90.3,50.0,0.0,0.0,251374.0,49037.0,11800.0,28500.0,0,0,0,0,0,0,
8000.0,8000.0,8000.0,36.0,5.32,240.92,10.0,2.0,7.5,160000.0,1.0,0.0,740.0,744.0,0.0,64.0,0,29.0,0.0,3397.0,5.4,44.0,6117.79,6117.79,2162.37,2162.37,1882.21,280.16,0.0,0,0.0,0.0,285026.0,2.0,6.0,4.0,7.0,1.0,73643.0,79.0,2.0,6.0,1821.0,48.0,63200.0,2.0,3.0,1.0,14.0,9828.0,21026.0,8.2,0.0,0.0,272.0,199.0,6.0,1.0,2.0,6.0,0,12.0,0,1.0,3.0,5.0,9.0,13.0,15.0,20.0,26.0,5.0,29.0,0.0,0.0,0.0,6.0,95.5,0.0,0.0,0.0,372402.0,77117.0,22900.0,93019.0,0,0,0,0,0,0,
24000.0,24000.0,24000.0,60.0,17.99,609.32,7.0,10.0,7.5,75000.0,1.0,0.0,725.0,729.0,0.0,0,0,9.0,0.0,7609.0,64.5,13.0,21614.84,21614.84,5423.91,5423.91,2385.16,3038.75,0.0,0,0.0,0.0,158892.0,0.0,3.0,1.0,1.0,12.0,22801.0,60.0,0.0,0.0,3320.0,61.0,11800.0,1.0,4.0,1.0,1.0,19862.0,1849.0,70.7,0.0,0.0,103.0,76.0,29.0,12.0,1.0,29.0,0,12.0,0,0.0,3.0,4.0,4.0,4.0,7.0,5.0,5.0,4.0,9.0,0.0,0.0,0.0,1.0,100.0,66.7,0.0,0.0,185119.0,30410.0,6300.0,38219.0,0,0,0,0,0,0,
9000.0,9000.0,9000.0,36.0,14.99,311.95,8.0,3.0,7.5,60000.0,1.0,0.0,710.0,714.0,0.0,0,0,4.0,0.0,7431.0,78.2,14.0,0.0,0.0,9518.14771036,9518.15,9000.0,518.15,0.0,0,0.0,0.0,7431.0,1.0,0.0,0.0,0.0,114.0,0.0,0,1.0,1.0,3192.0,78.0,9500.0,0.0,1.0,0.0,1.0,1858.0,1989.0,78.6,0.0,0.0,120.0,157.0,0.0,0.0,4.0,0.0,0,0,0,0.0,3.0,4.0,3.0,5.0,4.0,4.0,6.0,4.0,4.0,0.0,0.0,0.0,1.0,100.0,66.7,0.0,0.0,9500.0,7431.0,9300.0,0.0,0,0,0,0,0,0,
15000.0,15000.0,15000.0,60.0,14.99,356.78,8.0,1.0,5.0,55000.0,1.0,2.0,700.0,704.0,2.0,12.0,0,15.0,0.0,13861.0,52.3,27.0,13396.91,13396.91,3179.79,3179.79,1603.09,1576.7,0.0,0,0.0,0.0,16581.0,2.0,4.0,0.0,0.0,29.0,2720.0,15.0,2.0,2.0,5632.0,37.0,26500.0,1.0,0.0,2.0,2.0,1184.0,7954.0,62.1,0.0,0.0,182.0,248.0,5.0,5.0,0.0,5.0,12.0,6.0,12.0,0.0,8.0,10.0,8.0,13.0,9.0,10.0,17.0,10.0,15.0,0.0,0.0,0.0,2.0,81.5,37.5,0.0,0.0,45250.0,16581.0,21000.0,18750.0,0,0,0,0,0,0,
20000.0,20000.0,20000.0,36.0,18.99,733.02,7.0,1.0,7.5,46000.0,1.0,0.0,695.0,699.0,0.0,0,0,27.0,0.0,26480.0,42.1,52.0,15903.02,15903.02,6644.43,6644.43,4096.98,2547.45,0.0,0,0.0,0.0,363938.0,3.0,3.0,2.0,2.0,3.0,139323.0,99.0,5.0,5.0,6952.0,62.0,62900.0,2.0,2.0,4.0,8.0,13479.0,12059.0,62.4,0.0,0.0,159.0,128.0,2.0,2.0,1.0,2.0,0,3.0,0,0.0,10.0,18.0,10.0,11.0,21.0,23.0,30.0,18.0,27.0,0.0,0.0,0.0,8.0,100.0,20.0,0.0,0.0,406216.0,165803.0,32100.0,143316.0,0,0,0,0,0,0,
23550.0,23550.0,23550.0,36.0,21.49,893.19,7.0,10.0,10.0,72000.0,1.0,0.0,705.0,709.0,0.0,39.0,0,12.0,0.0,35525.0,74.2,32.0,18989.97,18989.97,7968.42,7968.42,4560.03,3408.39,0.0,39.0,0.0,0.0,284439.0,0.0,2.0,1.0,1.0,8.0,23523.0,63.0,0.0,0.0,8598.0,69.0,47900.0,0.0,0.0,1.0,2.0,23703.0,457.0,98.3,0.0,0.0,144.0,233.0,61.0,8.0,8.0,61.0,39.0,0.0,39.0,2.0,6.0,9.0,6.0,13.0,5.0,9.0,19.0,9.0,12.0,0.0,0.0,0.0,1.0,93.8,100.0,0.0,0.0,317750.0,59048.0,26300.0,37539.0,0,0,0,0,0,0,
9000.0,9000.0,9000.0,36.0,13.49,305.38,8.0,10.0,7.5,25000.0,1.0,0.0,690.0,694.0,0.0,0,0,5.0,0.0,10738.0,53.7,10.0,7077.31,7077.31,2731.56,2731.56,1922.69,808.87,0.0,0,0.0,0.0,65725.0,1.0,0.0,0.0,0.0,0,0.0,0,2.0,2.0,3238.0,54.0,20000.0,0.0,0.0,1.0,3.0,13145.0,7895.0,49.1,0.0,0.0,0,176.0,5.0,5.0,1.0,8.0,0,8.0,0,0.0,3.0,4.0,3.0,7.0,0.0,4.0,9.0,4.0,5.0,0.0,0.0,0.0,3.0,100.0,33.3,0.0,0.0,76905.0,10738.0,15500.0,0.0,0,0,0,0,0,0,
5000.0,5000.0,5000.0,36.0,16.99,178.24,7.0,5.0,7.5,60000.0,1.0,0.0,660.0,664.0,3.0,41.0,0,10.0,0.0,11945.0,78.1,20.0,3976.35,3976.35,1592.36,1592.36,1023.65,568.71,0.0,41.0,0.0,75.0,316446.0,2.0,1.0,1.0,3.0,6.0,18953.0,82.0,0.0,5.0,4231.0,81.0,15300.0,6.0,1.0,7.0,11.0,31645.0,2742.0,77.7,0.0,0.0,118.0,69.0,14.0,3.0,3.0,14.0,48.0,0.0,48.0,3.0,5.0,7.0,5.0,8.0,6.0,8.0,11.0,7.0,10.0,0.0,0.0,0.0,2.0,89.5,60.0,0.0,0.0,324329.0,30898.0,12300.0,23040.0,0,0,0,0,0,0,
6000.0,6000.0,6000.0,36.0,8.24,188.69,9.0,0.0,7.5,120000.0,1.0,0.0,680.0,684.0,1.0,30.0,0,11.0,0.0,17444.0,80.4,18.0,4635.54,4635.54,1691.34,1691.34,1364.46,326.88,0.0,0,0.0,0.0,138041.0,0.0,2.0,0.0,1.0,17.0,8374.0,37.0,1.0,2.0,11903.0,58.0,21700.0,0.0,0.0,1.0,3.0,17255.0,2770.0,84.9,0.0,0.0,48.0,367.0,8.0,8.0,2.0,8.0,0,5.0,30.0,1.0,4.0,5.0,4.0,6.0,2.0,7.0,13.0,5.0,11.0,0.0,0.0,0.0,1.0,88.9,75.0,0.0,0.0,167610.0,25818.0,18400.0,22910.0,0,0,0,0,0,0,
12000.0,12000.0,12000.0,36.0,6.99,370.48,10.0,3.0,7.5,175000.0,1.0,0.0,690.0,694.0,1.0,0,0,13.0,0.0,23955.0,43.7,27.0,9230.88,9230.88,3322.67,3322.67,2769.12,553.55,0.0,0,0.0,0.0,181061.0,1.0,3.0,0.0,1.0,20.0,37100.0,57.0,1.0,6.0,8747.0,51.0,54800.0,2.0,2.0,2.0,7.0,15088.0,18545.0,54.8,0.0,0.0,129.0,70.0,3.0,3.0,2.0,3.0,0,3.0,0,0.0,5.0,7.0,5.0,8.0,10.0,9.0,15.0,7.0,13.0,0.0,0.0,0.0,1.0,100.0,40.0,0.0,0.0,257170.0,61055.0,41000.0,65103.0,0,0,0,0,0,0,
6000.0,6000.0,6000.0,36.0,22.74,231.45,6.0,2.0,5.0,85000.0,1.0,2.0,670.0,674.0,1.0,17.0,0,10.0,0.0,19183.0,50.6,24.0,4856.27,4856.27,2064.1,2064.1,1143.73,920.37,0.0,22.0,0.0,0.0,42794.0,0.0,2.0,0.0,0.0,67.0,23611.0,44.0,0.0,2.0,9895.0,47.0,37900.0,0.0,0.0,1.0,2.0,4279.0,15517.0,55.3,0.0,0.0,134.0,199.0,13.0,13.0,1.0,13.0,17.0,1.0,17.0,2.0,5.0,5.0,6.0,12.0,4.0,8.0,19.0,5.0,10.0,0.0,0.0,1.0,0.0,82.6,83.3,0.0,0.0,91455.0,42794.0,34700.0,53555.0,0,0,0,0,0,0,
40000.0,40000.0,40000.0,60.0,11.44,878.5,9.0,10.0,7.5,800000.0,1.0,1.0,725.0,729.0,0.0,9.0,0,13.0,0.0,258079.0,57.2,32.0,0.0,0.0,42116.7170982,42116.72,40000.0,2116.72,0.0,0,0.0,0.0,1954333.0,0.0,5.0,1.0,4.0,11.0,142564.0,39.0,0.0,0.0,22468.0,46.0,348700.0,0.0,4.0,1.0,4.0,162861.0,52307.0,4.5,0.0,0.0,172.0,240.0,27.0,11.0,3.0,51.0,0,11.0,9.0,0.0,2.0,6.0,3.0,5.0,13.0,7.0,16.0,6.0,13.0,0.0,0.0,0.0,1.0,96.9,0.0,0.0,0.0,2331345.0,400643.0,75000.0,272645.0,0,0,0,0,0,0,
19775.0,19775.0,19775.0,36.0,16.99,704.94,7.0,10.0,7.5,43000.0,1.0,0.0,680.0,684.0,0.0,63.0,0,10.0,0.0,5543.0,23.5,25.0,0.0,0.0,20163.5674959,20163.57,19775.0,388.57,0.0,84.0,0.0,5154.0,103372.0,0.0,1.0,0.0,1.0,16.0,8169.0,82.0,3.0,3.0,40.0,41.0,23600.0,1.0,0.0,4.0,4.0,10337.0,10937.0,0.6,0.0,0.0,16.0,141.0,7.0,7.0,2.0,126.0,0,8.0,63.0,1.0,4.0,8.0,4.0,11.0,1.0,8.0,21.0,8.0,10.0,0.0,0.0,0.0,3.0,92.0,0.0,0.0,0.0,138600.0,13712.0,11000.0,10000.0,0,0,0,0,0,0,
8000.0,8000.0,8000.0,36.0,11.44,263.58,9.0,3.0,5.0,47950.0,1.0,3.0,700.0,704.0,0.0,5.0,0,8.0,0.0,6545.0,29.8,9.0,6249.33,6249.33,2359.51,2359.51,1750.67,608.84,0.0,0,0.0,0.0,13138.0,1.0,1.0,0.0,1.0,16.0,6593.0,77.0,1.0,2.0,4430.0,43.0,22000.0,1.0,0.0,0.0,3.0,1642.0,11884.0,35.4,0.0,0.0,16.0,104.0,4.0,4.0,0.0,16.0,6.0,16.0,6.0,0.0,3.0,4.0,4.0,5.0,1.0,7.0,8.0,4.0,8.0,0.0,0.0,0.0,1.0,66.7,25.0,0.0,0.0,30569.0,13138.0,18400.0,8569.0,0,0,0,0,0,0,
7000.0,7000.0,7000.0,36.0,11.49,230.8,9.0,10.0,5.0,50000.0,1.0,0.0,690.0,694.0,2.0,59.0,0,8.0,0.0,7646.0,68.9,17.0,5468.29,5468.29,2066.03,2066.03,1531.71,534.32,0.0,59.0,0.0,0.0,223461.0,0.0,5.0,0.0,1.0,13.0,55507.0,89.0,1.0,1.0,4488.0,86.0,11100.0,4.0,1.0,13.0,2.0,27933.0,3454.0,68.9,0.0,0.0,111.0,104.0,12.0,12.0,2.0,12.0,0,1.0,0,3.0,2.0,2.0,2.0,2.0,13.0,2.0,2.0,2.0,8.0,0.0,0.0,0.0,1.0,70.6,50.0,0.0,0.0,318803.0,63153.0,11100.0,62703.0,0,0,0,0,0,0,
2550.0,2550.0,2550.0,36.0,17.99,92.18,7.0,4.0,5.0,64000.0,1.0,1.0,660.0,664.0,1.0,4.0,0,17.0,0.0,2524.0,57.4,35.0,2034.28,2034.28,823.25,823.25,515.72,307.53,0.0,45.0,0.0,89.0,68813.0,3.0,12.0,3.0,8.0,2.0,66289.0,100.0,3.0,4.0,231.0,97.0,4400.0,1.0,1.0,6.0,12.0,4048.0,816.0,32.0,0.0,0.0,120.0,123.0,7.0,2.0,0.0,7.0,4.0,2.0,4.0,5.0,3.0,5.0,3.0,5.0,24.0,5.0,10.0,5.0,17.0,0.0,0.0,0.0,6.0,79.4,0.0,0.0,0.0,70689.0,68813.0,1200.0,66289.0,0,0,0,0,0,0,
25000.0,25000.0,25000.0,60.0,24.74,729.98,6.0,3.0,5.0,97000.0,1.0,0.0,670.0,674.0,0.0,55.0,38.0,8.0,1.0,11170.0,69.4,32.0,0.0,0.0,28415.2025957,28415.2,25000.0,3415.2,0.0,59.0,0.0,0.0,40897.0,0.0,2.0,2.0,2.0,9.0,29727.0,78.0,0.0,2.0,3413.0,76.0,16100.0,0.0,1.0,1.0,4.0,5842.0,987.0,77.6,0.0,0.0,103.0,267.0,14.0,9.0,0.0,16.0,55.0,4.0,55.0,0.0,1.0,3.0,2.0,10.0,4.0,6.0,28.0,3.0,8.0,0.0,0.0,0.0,2.0,96.0,50.0,1.0,0.0,54128.0,40897.0,4400.0,38028.0,0,0,0,0,0,0,
8400.0,8400.0,8400.0,36.0,10.49,272.99,9.0,3.0,7.5,37000.0,1.0,0.0,705.0,709.0,0.0,37.0,89.0,13.0,1.0,2117.0,21.4,18.0,6539.86,6539.86,2444.67,2444.67,1860.14,584.53,0.0,0,0.0,0.0,178675.0,0.0,1.0,0.0,1.0,23.0,4810.0,58.0,1.0,3.0,1178.0,38.0,9900.0,3.0,1.0,2.0,5.0,16243.0,2482.0,43.6,0.0,0.0,23.0,276.0,11.0,11.0,2.0,11.0,0,11.0,37.0,0.0,2.0,4.0,6.0,8.0,1.0,11.0,15.0,4.0,13.0,0.0,0.0,0.0,1.0,94.4,0.0,1.0,0.0,197578.0,6927.0,4400.0,8328.0,0,0,0,0,0,0,
3600.0,3600.0,3600.0,36.0,11.49,118.7,9.0,3.0,7.5,72000.0,1.0,0.0,685.0,689.0,1.0,0,0,10.0,0.0,46388.0,73.2,12.0,2812.24,2812.24,1062.56,1062.56,787.76,274.8,0.0,0,0.0,0.0,53099.0,1.0,2.0,1.0,1.0,1.0,6711.0,30.0,1.0,1.0,14835.0,62.0,63400.0,2.0,0.0,4.0,2.0,5310.0,3117.0,93.3,0.0,0.0,54.0,243.0,8.0,1.0,0.0,8.0,0,1.0,0,0.0,5.0,6.0,5.0,6.0,3.0,8.0,9.0,6.0,10.0,0.0,0.0,0.0,2.0,100.0,100.0,0.0,0.0,85831.0,53099.0,46300.0,22431.0,0,0,0,0,0,0,
15000.0,15000.0,15000.0,36.0,17.99,542.22,7.0,10.0,5.0,60000.0,1.0,0.0,670.0,674.0,0.0,66.0,0,17.0,0.0,6471.0,59.9,37.0,11604.38,11604.38,5320.14,5320.14,3395.62,1924.52,0.0,66.0,0.0,0.0,35485.0,0.0,11.0,1.0,3.0,10.0,29014.0,75.0,2.0,2.0,3096.0,72.0,10800.0,0.0,0.0,2.0,5.0,2218.0,2340.0,72.5,0.0,0.0,174.0,267.0,8.0,8.0,0.0,8.0,66.0,8.0,66.0,6.0,3.0,5.0,3.0,8.0,23.0,6.0,14.0,5.0,17.0,0.0,0.0,0.0,3.0,82.9,33.3,0.0,0.0,49608.0,35485.0,8500.0,38808.0,0,0,0,0,0,0,
9000.0,9000.0,9000.0,36.0,10.49,292.48,9.0,1.0,7.5,60000.0,1.0,0.0,765.0,769.0,0.0,0,0,5.0,0.0,3404.0,37.8,29.0,0.0,0.0,9270.83875015,9270.84,9000.0,270.84,0.0,0,0.0,0.0,130692.0,0.0,2.0,1.0,1.0,10.0,16917.0,64.0,0.0,0.0,2755.0,58.0,9000.0,1.0,5.0,2.0,1.0,26138.0,5245.0,34.4,0.0,0.0,131.0,138.0,39.0,10.0,4.0,68.0,0,4.0,0,0.0,1.0,2.0,1.0,10.0,12.0,2.0,13.0,2.0,5.0,0.0,0.0,0.0,1.0,100.0,0.0,0.0,0.0,162894.0,20321.0,8000.0,26249.0,0,0,0,0,0,0,
3000.0,3000.0,3000.0,36.0,13.99,102.52,8.0,10.0,5.0,74000.0,1.0,2.0,660.0,664.0,0.0,4.0,0,10.0,0.0,24785.0,82.6,23.0,2362.96,2362.96,916.85,916.85,637.04,279.81,0.0,4.0,0.0,0.0,52882.0,1.0,2.0,0.0,0.0,26.0,21614.0,56.0,1.0,1.0,585.0,70.0,30000.0,0.0,2.0,0.0,1.0,5876.0,692.0,56.8,1.0,0.0,272.0,178.0,0.0,0.0,2.0,141.0,0,0,0,3.0,2.0,5.0,2.0,5.0,7.0,7.0,12.0,5.0,10.0,0.0,0.0,1.0,1.0,82.6,50.0,0.0,0.0,75303.0,52882.0,1600.0,38820.0,0,0,0,0,0,0,
5000.0,5000.0,5000.0,36.0,11.39,164.62,9.0,6.0,7.5,75500.0,1.0,0.0,680.0,684.0,1.0,0,83.0,18.0,1.0,9877.0,25.3,30.0,3904.6,3904.6,1483.17,1483.17,1095.4,387.77,0.0,0,0.0,0.0,182982.0,3.0,1.0,1.0,1.0,11.0,6425.0,107.0,3.0,5.0,5908.0,36.0,39000.0,0.0,1.0,5.0,8.0,12199.0,9991.0,41.2,0.0,0.0,158.0,429.0,3.0,2.0,2.0,3.0,0,3.0,0,0.0,3.0,9.0,5.0,9.0,5.0,15.0,22.0,9.0,18.0,0.0,0.0,0.0,6.0,100.0,0.0,1.0,0.0,212433.0,16302.0,17000.0,6000.0,0,0,0,0,0,0,
34800.0,34800.0,34800.0,36.0,14.99,1206.19,8.0,2.0,5.0,85319.0,1.0,1.0,695.0,699.0,1.0,17.0,0,9.0,0.0,13211.0,57.9,19.0,27499.44,27499.44,10783.26,10783.26,7300.56,3482.7,0.0,0,0.0,0.0,53164.0,2.0,5.0,1.0,2.0,5.0,39953.0,52.0,1.0,1.0,13193.0,54.0,22800.0,1.0,4.0,2.0,3.0,6646.0,3589.0,78.6,0.0,0.0,167.0,249.0,1.0,1.0,0.0,1.0,81.0,5.0,81.0,0.0,2.0,2.0,2.0,6.0,11.0,4.0,8.0,2.0,9.0,0.0,0.0,0.0,2.0,84.2,50.0,0.0,0.0,127366.0,53164.0,16800.0,104566.0,0,0,0,0,0,0,
14000.0,14000.0,14000.0,36.0,16.99,499.07,7.0,10.0,5.0,44000.0,1.0,0.0,680.0,684.0,0.0,78.0,0,26.0,0.0,18215.0,55.0,37.0,11133.8,11133.8,4458.59,4458.59,2866.2,1592.39,0.0,78.0,0.0,0.0,27150.0,1.0,2.0,0.0,0.0,30.0,8935.0,40.0,3.0,5.0,3163.0,49.0,33100.0,0.0,0.0,1.0,5.0,1131.0,7495.0,66.2,0.0,0.0,138.0,197.0,3.0,3.0,0.0,3.0,78.0,9.0,78.0,1.0,13.0,21.0,14.0,17.0,5.0,24.0,32.0,21.0,26.0,0.0,0.0,0.0,3.0,97.3,50.0,0.0,0.0,55363.0,27150.0,22200.0,22263.0,0,0,0,0,0,0,
7000.0,7000.0,7000.0,36.0,25.49,280.14,6.0,10.0,7.5,36000.0,1.0,0.0,690.0,694.0,2.0,112.0,0,11.0,0.0,12594.0,58.0,21.0,0.0,0.0,285.1,285.1,131.45,153.65,0.0,112.0,0.0,0.0,92737.0,1.0,1.0,0.0,1.0,23.0,3970.0,64.0,1.0,5.0,2774.0,59.0,21700.0,2.0,0.0,2.0,6.0,8431.0,4582.0,66.8,0.0,0.0,124.0,157.0,2.0,2.0,2.0,2.0,0,0.0,0,1.0,5.0,6.0,6.0,11.0,3.0,9.0,16.0,6.0,11.0,0.0,0.0,0.0,1.0,95.2,66.7,0.0,0.0,109398.0,16564.0,13800.0,6165.0,0,0,0,0,0,0,
20000.0,20000.0,20000.0,36.0,8.24,628.95,9.0,2.0,10.0,80000.0,1.0,0.0,720.0,724.0,1.0,48.0,0,14.0,0.0,2254.0,2.3,35.0,0.0,0.0,20427.639604,20427.64,20000.0,427.64,0.0,0,0.0,0.0,13891.0,1.0,1.0,1.0,4.0,6.0,11637.0,66.0,0.0,1.0,2099.0,13.0,113400.0,3.0,0.0,4.0,6.0,1263.0,100746.0,2.6,0.0,0.0,92.0,219.0,18.0,6.0,1.0,39.0,48.0,0.0,48.0,0.0,4.0,4.0,12.0,18.0,8.0,13.0,26.0,4.0,14.0,0.0,0.0,0.0,1.0,96.8,0.0,0.0,0.0,131036.0,13891.0,103000.0,17636.0,0,0,0,0,0,0,
5000.0,5000.0,5000.0,36.0,6.99,154.37,10.0,3.0,7.5,62000.0,1.0,0.0,770.0,774.0,0.0,0,0,10.0,0.0,7955.0,38.1,42.0,3846.16,3846.16,1387.4,1387.4,1153.84,233.56,0.0,0,0.0,0.0,271818.0,1.0,3.0,0.0,0.0,25.0,91209.0,51.0,0.0,0.0,2400.0,47.0,20900.0,0.0,3.0,0.0,1.0,30202.0,4600.0,34.3,0.0,0.0,182.0,238.0,36.0,5.0,2.0,36.0,0,14.0,0,0.0,1.0,2.0,1.0,6.0,23.0,5.0,17.0,3.0,10.0,0.0,0.0,0.0,1.0,100.0,0.0,0.0,0.0,308938.0,99164.0,7000.0,101569.0,0,0,0,0,0,0,
22000.0,22000.0,22000.0,60.0,17.99,558.54,7.0,1.0,7.5,94400.0,1.0,0.0,675.0,679.0,1.0,45.0,0,13.0,0.0,33101.0,82.5,29.0,0.0,0.0,24055.6309226,24055.63,22000.0,2055.63,0.0,0,0.0,0.0,473860.0,2.0,2.0,0.0,1.0,24.0,23619.0,65.0,4.0,6.0,11353.0,60.0,40100.0,1.0,2.0,3.0,9.0,43078.0,5999.0,84.7,0.0,0.0,170.0,570.0,5.0,5.0,4.0,5.0,45.0,5.0,45.0,0.0,5.0,5.0,8.0,14.0,6.0,9.0,17.0,5.0,13.0,0.0,0.0,0.0,6.0,96.6,83.3,0.0,0.0,518346.0,64195.0,39100.0,36303.0,0,0,0,0,0,0,
11000.0,11000.0,11000.0,36.0,13.99,375.91,8.0,4.0,7.5,66000.0,1.0,1.0,690.0,694.0,2.0,20.0,0,18.0,0.0,7522.0,18.0,33.0,8665.62,8665.62,3361.82,3361.82,2334.38,1027.44,0.0,42.0,0.0,0.0,188362.0,1.0,2.0,2.0,2.0,6.0,28071.0,90.0,1.0,7.0,1373.0,49.0,41800.0,3.0,1.0,9.0,9.0,11080.0,19946.0,11.7,1.0,0.0,39.0,247.0,10.0,6.0,2.0,15.0,20.0,1.0,20.0,4.0,3.0,12.0,4.0,10.0,3.0,15.0,27.0,12.0,18.0,0.0,0.0,0.0,3.0,66.7,0.0,0.0,0.0,235819.0,35593.0,22600.0,31219.0,0,0,0,0,0,0,
12500.0,12500.0,12500.0,60.0,15.99,303.91,8.0,3.0,5.0,62000.0,1.0,0.0,670.0,674.0,1.0,41.0,97.0,11.0,1.0,15098.0,67.4,16.0,11195.9,11195.9,2707.43,2707.43,1304.1,1403.33,0.0,41.0,0.0,1313.0,33335.0,3.0,2.0,0.0,1.0,19.0,18237.0,84.0,3.0,3.0,3402.0,76.0,22400.0,1.0,1.0,1.0,4.0,3030.0,624.0,93.8,0.0,0.0,176.0,104.0,3.0,3.0,0.0,4.0,0,4.0,0,1.0,5.0,9.0,5.0,5.0,7.0,9.0,9.0,9.0,11.0,0.0,0.0,0.0,3.0,93.3,80.0,0.0,1.0,44104.0,33335.0,10100.0,21704.0,0,0,0,0,0,0,
30000.0,30000.0,30000.0,36.0,21.49,1137.82,7.0,10.0,10.0,120000.0,1.0,0.0,665.0,669.0,2.0,32.0,0,21.0,0.0,6764.0,37.8,44.0,24191.06,24191.06,10150.84,10150.84,5808.94,4341.9,0.0,35.0,0.0,259.0,481494.0,4.0,12.0,4.0,7.0,1.0,96122.0,93.0,5.0,6.0,1224.0,85.0,17900.0,11.0,6.0,15.0,15.0,22928.0,276.0,81.6,0.0,0.0,170.0,91.0,4.0,1.0,5.0,9.0,32.0,2.0,32.0,1.0,1.0,5.0,1.0,3.0,23.0,8.0,16.0,5.0,21.0,0.0,0.0,0.0,9.0,92.9,100.0,0.0,0.0,506474.0,102886.0,1500.0,102942.0,0,0,0,0,0,0,
1500.0,1500.0,1500.0,36.0,8.24,47.18,9.0,9.0,7.5,40000.0,1.0,0.0,700.0,704.0,1.0,0,0,8.0,0.0,10416.0,42.7,25.0,1158.82,1158.82,422.9,422.9,341.18,81.72,0.0,0,0.0,0.0,73916.0,1.0,2.0,0.0,0.0,26.0,13188.0,43.0,1.0,1.0,4989.0,43.0,24400.0,0.0,0.0,1.0,1.0,10559.0,9079.0,42.9,0.0,0.0,133.0,135.0,6.0,6.0,2.0,6.0,0,1.0,0,0.0,2.0,4.0,2.0,14.0,6.0,5.0,17.0,4.0,8.0,0.0,0.0,0.0,1.0,100.0,50.0,0.0,0.0,113436.0,23604.0,15900.0,30481.0,0,0,0,0,0,0,
8000.0,8000.0,8000.0,36.0,13.99,273.39,8.0,3.0,5.0,50000.0,1.0,0.0,670.0,674.0,0.0,63.0,0,7.0,0.0,8378.0,91.1,20.0,6498.82,6498.82,2171.58,2171.58,1501.18,670.4,0.0,0,0.0,0.0,54325.0,0.0,3.0,0.0,2.0,15.0,45947.0,95.0,0.0,1.0,3358.0,94.0,9200.0,0.0,0.0,0.0,3.0,7761.0,22.0,99.7,0.0,0.0,124.0,150.0,23.0,15.0,0.0,23.0,63.0,15.0,63.0,0.0,3.0,3.0,3.0,8.0,9.0,4.0,11.0,3.0,7.0,0.0,0.0,0.0,0.0,88.9,100.0,0.0,0.0,62886.0,54325.0,8400.0,53686.0,0,0,0,0,0,0,
18000.0,18000.0,18000.0,36.0,11.39,592.63,9.0,10.0,5.0,55000.0,1.0,0.0,725.0,729.0,1.0,0,0,9.0,0.0,19013.0,50.2,21.0,13488.22,13488.22,5914.88,5914.88,4511.78,1403.1,0.0,0,0.0,0.0,29977.0,1.0,2.0,0.0,1.0,20.0,10964.0,32.0,2.0,3.0,9131.0,41.0,37900.0,0.0,0.0,2.0,4.0,4282.0,11587.0,62.1,0.0,0.0,59.0,145.0,3.0,3.0,0.0,3.0,0,3.0,0,0.0,3.0,3.0,3.0,9.0,5.0,7.0,16.0,3.0,9.0,0.0,0.0,0.0,2.0,100.0,33.3,0.0,0.0,72541.0,29977.0,30600.0,34641.0,0,0,0,0,0,0,
2100.0,2100.0,2100.0,36.0,12.74,70.5,8.0,10.0,7.5,134000.0,1.0,1.0,670.0,674.0,0.0,16.0,0,19.0,0.0,59783.0,81.6,36.0,0.0,0.0,2218.32757673,2218.33,2100.0,118.33,0.0,0,0.0,0.0,312736.0,1.0,3.0,1.0,1.0,9.0,28431.0,58.0,2.0,2.0,3833.0,75.0,103000.0,0.0,4.0,0.0,3.0,16460.0,917.0,95.0,0.0,0.0,129.0,219.0,5.0,5.0,2.0,130.0,0,21.0,16.0,0.0,8.0,14.0,8.0,13.0,10.0,14.0,22.0,14.0,19.0,0.0,0.0,0.0,3.0,91.7,87.5,0.0,0.0,427812.0,89814.0,18200.0,59962.0,0,0,0,0,0,0,
3200.0,3200.0,3200.0,36.0,11.49,105.51,9.0,1.0,5.0,17000.0,1.0,0.0,790.0,794.0,0.0,0,0,2.0,0.0,5554.0,16.8,2.0,2499.78,2499.78,944.48,944.48,700.22,244.26,0.0,0,0.0,0.0,5554.0,0.0,0.0,0.0,0.0,0,0.0,0,0.0,1.0,5230.0,17.0,33000.0,0.0,0.0,0.0,1.0,2777.0,27446.0,16.8,0.0,0.0,0,114.0,21.0,21.0,0.0,21.0,0,0,0,0.0,2.0,2.0,2.0,2.0,0.0,2.0,2.0,2.0,2.0,0.0,0.0,0.0,0.0,100.0,0.0,0.0,0.0,33000.0,5554.0,33000.0,0.0,0,0,0,0,0,0,
5325.0,5325.0,5325.0,36.0,18.99,195.17,7.0,1.0,5.0,14800.0,1.0,0.0,680.0,684.0,0.0,0,0,9.0,0.0,6304.0,71.6,10.0,4261.31,4261.31,1742.49,1742.49,1063.69,678.8,0.0,0,0.0,0.0,13747.0,0.0,4.0,0.0,0.0,52.0,7443.0,93.0,0.0,3.0,926.0,82.0,8800.0,0.0,0.0,0.0,3.0,1527.0,164.0,91.8,0.0,0.0,75.0,71.0,13.0,13.0,0.0,15.0,0,15.0,0,0.0,2.0,4.0,2.0,3.0,4.0,5.0,6.0,4.0,9.0,0.0,0.0,0.0,0.0,100.0,100.0,0.0,0.0,16800.0,13747.0,2000.0,8000.0,0,0,0,0,0,0,
20000.0,20000.0,20000.0,36.0,11.44,658.95,9.0,10.0,5.0,125000.0,1.0,0.0,680.0,684.0,1.0,0,56.0,16.0,1.0,28164.0,50.0,58.0,0.0,0.0,0.0,0.0,0.0,0.0,0.0,0,0.0,0.0,40325.0,0.0,2.0,0.0,1.0,20.0,12161.0,40.0,0.0,7.0,6804.0,47.0,56300.0,1.0,1.0,3.0,8.0,2688.0,14196.0,66.0,0.0,0.0,141.0,248.0,13.0,13.0,2.0,15.0,0,0.0,0,0.0,6.0,7.0,8.0,29.0,13.0,14.0,43.0,7.0,16.0,0.0,0.0,0.0,0.0,100.0,12.5,1.0,0.0,86513.0,40325.0,41700.0,30213.0,0,0,0,0,0,0,
10000.0,10000.0,10000.0,36.0,7.49,311.02,10.0,0.0,7.5,30000.0,1.0,0.0,725.0,729.0,1.0,0,0,11.0,0.0,6810.0,24.5,28.0,7705.89,7705.89,2788.78,2788.78,2294.11,494.67,0.0,0,0.0,0.0,151697.0,1.0,2.0,1.0,3.0,3.0,37445.0,99.0,0.0,2.0,3446.0,67.0,27800.0,1.0,0.0,2.0,5.0,13791.0,17790.0,27.7,0.0,0.0,105.0,177.0,14.0,3.0,3.0,14.0,0,1.0,0,1.0,3.0,3.0,6.0,6.0,15.0,8.0,10.0,3.0,11.0,0.0,0.0,0.0,1.0,96.3,0.0,0.0,0.0,186487.0,44255.0,24600.0,37859.0,0,0,0,0,0,0,
11000.0,11000.0,11000.0,36.0,5.32,331.27,10.0,3.0,7.5,50000.0,1.0,0.0,795.0,799.0,0.0,0,0,7.0,0.0,1108.0,2.2,13.0,8411.91,8411.91,2973.3,2973.3,2588.09,385.21,0.0,0,0.0,0.0,3187.0,0.0,1.0,0.0,0.0,26.0,2079.0,33.0,1.0,1.0,1108.0,6.0,49400.0,1.0,1.0,0.0,1.0,531.0,47292.0,2.3,0.0,0.0,119.0,311.0,8.0,8.0,1.0,28.0,0,19.0,0,0.0,1.0,1.0,5.0,6.0,4.0,6.0,8.0,1.0,7.0,0.0,0.0,0.0,1.0,100.0,0.0,0.0,0.0,55800.0,3187.0,48400.0,6400.0,0,0,0,0,0,0,
5000.0,5000.0,5000.0,36.0,12.74,167.85,8.0,10.0,7.5,78500.0,1.0,0.0,675.0,679.0,3.0,24.0,0,14.0,0.0,1432.0,13.6,31.0,3922.13,3922.13,1501.8,1501.8,1077.87,423.93,0.0,24.0,0.0,0.0,276622.0,1.0,4.0,2.0,3.0,9.0,54576.0,78.0,1.0,1.0,503.0,70.0,10500.0,4.0,1.0,7.0,4.0,23052.0,3408.0,20.7,0.0,0.0,131.0,335.0,0.0,0.0,2.0,73.0,24.0,0.0,24.0,7.0,2.0,5.0,5.0,15.0,7.0,9.0,22.0,5.0,14.0,0.0,0.0,0.0,3.0,77.4,0.0,0.0,0.0,328322.0,56008.0,4300.0,70051.0,0,0,0,0,0,0,
5000.0,5000.0,5000.0,36.0,12.74,167.85,8.0,10.0,7.5,75000.0,1.0,0.0,715.0,719.0,0.0,0,0,11.0,0.0,7072.0,22.2,19.0,3922.13,3922.13,1501.8,1501.8,1077.87,423.93,0.0,0,0.0,0.0,11124.0,1.0,1.0,1.0,2.0,10.0,4052.0,78.0,4.0,5.0,3888.0,30.0,31800.0,0.0,0.0,1.0,7.0,1112.0,19109.0,26.8,0.0,0.0,39.0,122.0,5.0,5.0,0.0,5.0,0,12.0,0,0.0,5.0,6.0,6.0,7.0,4.0,10.0,15.0,6.0,11.0,0.0,0.0,0.0,5.0,100.0,0.0,0.0,0.0,37000.0,11124.0,26100.0,5200.0,0,0,0,0,0,0,
13200.0,13200.0,13200.0,36.0,18.99,483.8,7.0,3.0,5.0,40000.0,1.0,0.0,695.0,699.0,1.0,30.0,0,10.0,0.0,6185.0,32.2,28.0,10563.27,10563.27,4319.38,4319.38,2636.73,1682.65,0.0,34.0,0.0,0.0,9438.0,4.0,1.0,1.0,1.0,6.0,3253.0,81.0,3.0,3.0,3494.0,41.0,19200.0,0.0,0.0,2.0,4.0,944.0,5230.0,52.5,0.0,0.0,117.0,176.0,0.0,0.0,2.0,0.0,34.0,0.0,30.0,4.0,3.0,5.0,4.0,8.0,9.0,9.0,17.0,5.0,10.0,0.0,0.0,0.0,4.0,78.6,0.0,0.0,0.0,23200.0,9438.0,11000.0,4000.0,0,0,0,0,0,0,
35000.0,35000.0,34700.0,36.0,8.24,1100.66,9.0,10.0,7.5,280000.0,1.0,1.0,660.0,664.0,0.0,0.0,9.0,8.0,6.0,5622.0,58.4,18.0,27040.94,26809.16,9865.88,9781.32,7959.06,1906.82,0.0,0,1.0,33.0,784012.0,0.0,2.0,1.0,1.0,9.0,17680.0,35.0,0.0,0.0,5024.0,38.0,10200.0,3.0,0.0,1.0,1.0,98002.0,3978.0,62.8,0.0,37374.0,166.0,561.0,114.0,9.0,1.0,393.0,0,9.0,0,0.0,2.0,2.0,3.0,4.0,11.0,4.0,5.0,2.0,7.0,0.0,1.0,0.0,1.0,86.7,0.0,0.0,6.0,932024.0,30121.0,9600.0,50723.0,0,0,0,0,0,0,
4000.0,4000.0,4000.0,36.0,13.99,136.7,8.0,7.0,7.5,60000.0,1.0,0.0,690.0,694.0,0.0,50.0,0,6.0,0.0,9729.0,53.8,16.0,3150.55,3150.55,1222.53,1222.53,849.45,373.08,0.0,0,0.0,0.0,28557.0,0.0,2.0,0.0,1.0,13.0,18828.0,61.0,0.0,0.0,0.0,58.0,18100.0,0.0,0.0,0.0,1.0,4760.0,0,0,0.0,0.0,179.0,219.0,68.0,13.0,2.0,0,50.0,0,50.0,0.0,0.0,3.0,0.0,2.0,7.0,4.0,7.0,3.0,6.0,0.0,0.0,0.0,0.0,93.8,0,0.0,0.0,49104.0,28557.0,0.0,31004.0,0,0,0,0,0,0,
11000.0,11000.0,10750.0,36.0,14.99,381.27,8.0,10.0,7.5,50000.0,1.0,0.0,690.0,694.0,0.0,0,53.0,12.0,1.0,12282.0,39.1,27.0,8692.32,8494.77,3408.53,3331.06,2307.68,1100.85,0.0,0,0.0,0.0,138012.0,0.0,2.0,1.0,2.0,12.0,15191.0,87.0,1.0,3.0,4531.0,56.0,31400.0,0.0,0.0,0.0,5.0,11501.0,7476.0,53.0,0.0,0.0,74.0,79.0,11.0,11.0,4.0,11.0,0,17.0,0,0.0,3.0,8.0,4.0,7.0,9.0,9.0,14.0,8.0,12.0,0.0,0.0,0.0,2.0,100.0,50.0,0.0,1.0,170125.0,27473.0,15900.0,17500.0,0,0,0,0,0,0,
1500.0,1500.0,1500.0,36.0,13.99,51.26,8.0,1.0,5.0,30000.0,1.0,0.0,710.0,714.0,0.0,0,0,3.0,0.0,1436.0,47.9,6.0,1181.48,1181.48,458.43,458.43,318.52,139.91,0.0,0,0.0,0.0,27756.0,0.0,1.0,0.0,1.0,24.0,26320.0,76.0,1.0,1.0,1001.0,74.0,3000.0,0.0,1.0,0.0,2.0,9252.0,0.0,100.1,0.0,0.0,49.0,56.0,12.0,12.0,0.0,56.0,0,24.0,0,0.0,1.0,2.0,1.0,1.0,4.0,2.0,2.0,2.0,3.0,0.0,0.0,0.0,1.0,100.0,100.0,0.0,0.0,37671.0,27756.0,1000.0,34671.0,0,0,0,0,0,0,
12000.0,12000.0,12000.0,60.0,13.99,279.16,8.0,10.0,7.5,78000.0,1.0,0.0,690.0,694.0,0.0,34.0,0,8.0,0.0,17772.0,55.7,24.0,0.0,0.0,12847.6221977,12847.62,12000.0,847.62,0.0,0,0.0,0.0,32518.0,1.0,2.0,0.0,1.0,18.0,14746.0,40.0,1.0,3.0,7901.0,47.0,31900.0,1.0,0.0,2.0,4.0,4065.0,11240.0,54.1,0.0,0.0,171.0,151.0,1.0,1.0,3.0,1.0,0,4.0,0,0.0,2.0,3.0,5.0,9.0,8.0,6.0,13.0,3.0,8.0,0.0,0.0,0.0,1.0,95.8,20.0,0.0,0.0,68846.0,32518.0,24500.0,36946.0,0,0,0,0,0,0,
22000.0,22000.0,22000.0,36.0,17.99,795.25,7.0,10.0,7.5,140000.0,1.0,0.0,685.0,689.0,0.0,0,0,26.0,0.0,152932.0,76.0,41.0,17550.92,17550.92,7102.28,7102.28,4449.08,2653.2,0.0,0,0.0,0.0,415012.0,1.0,5.0,1.0,2.0,9.0,61212.0,87.0,2.0,2.0,10097.0,81.0,173900.0,0.0,0.0,0.0,4.0,15962.0,1237.0,97.0,0.0,0.0,176.0,173.0,5.0,5.0,2.0,5.0,0,16.0,0,0.0,7.0,17.0,8.0,9.0,15.0,20.0,24.0,17.0,26.0,0.0,0.0,0.0,3.0,100.0,87.5,0.0,0.0,460724.0,214144.0,40700.0,70762.0,0,0,0,0,0,0,
9225.0,9225.0,9225.0,36.0,19.99,342.79,7.0,10.0,7.5,70000.0,1.0,1.0,700.0,704.0,0.0,10.0,0,13.0,0.0,24556.0,41.5,27.0,0.0,0.0,10486.8468249,10486.85,9225.0,1261.85,0.0,0,0.0,0.0,292511.0,2.0,1.0,0.0,1.0,14.0,27509.0,85.0,3.0,5.0,8570.0,57.0,59200.0,1.0,4.0,0.0,7.0,22501.0,28355.0,44.6,0.0,0.0,177.0,236.0,1.0,1.0,4.0,1.0,10.0,14.0,10.0,0.0,5.0,6.0,9.0,12.0,8.0,11.0,15.0,6.0,13.0,0.0,0.0,0.0,3.0,96.3,22.2,0.0,0.0,336750.0,52065.0,51200.0,32500.0,0,0,0,0,0,0,
18200.0,18200.0,18200.0,60.0,21.49,497.41,7.0,10.0,5.0,57000.0,1.0,1.0,710.0,714.0,0.0,9.0,0,19.0,0.0,14541.0,30.2,35.0,0.0,0.0,20229.6474212,20229.65,18200.0,2029.65,0.0,43.0,0.0,0.0,35936.0,2.0,1.0,0.0,1.0,23.0,21395.0,71.0,7.0,14.0,3451.0,46.0,48100.0,3.0,8.0,5.0,15.0,1891.0,26175.0,29.8,0.0,0.0,129.0,155.0,3.0,3.0,0.0,3.0,40.0,0.0,9.0,1.0,11.0,17.0,11.0,13.0,8.0,18.0,27.0,17.0,19.0,0.0,0.0,0.0,7.0,85.3,0.0,0.0,0.0,78124.0,35936.0,37300.0,30024.0,0,0,0,0,0,0,
6000.0,6000.0,6000.0,36.0,11.39,197.55,9.0,2.0,7.5,125000.0,1.0,3.0,680.0,684.0,0.0,4.0,0,11.0,0.0,4136.0,86.2,37.0,3680.1,3680.1,2768.46,2768.46,2319.9,448.56,0.0,66.0,0.0,0.0,305712.0,0.0,5.0,1.0,2.0,8.0,175543.0,72.0,0.0,0.0,3944.0,73.0,4800.0,0.0,0.0,0.0,2.0,30571.0,664.0,86.2,0.0,0.0,160.0,149.0,27.0,8.0,5.0,27.0,32.0,0,32.0,1.0,3.0,3.0,3.0,7.0,24.0,3.0,8.0,3.0,11.0,0.0,0.0,0.0,1.0,67.6,33.3,0.0,0.0,353638.0,179679.0,4800.0,193138.0,0,0,0,0,0,0,
25000.0,25000.0,25000.0,60.0,12.74,565.51,8.0,10.0,7.5,101634.0,1.0,0.0,735.0,739.0,1.0,41.0,0,23.0,0.0,12306.0,25.9,41.0,22181.58,22181.58,5045.35,5045.35,2818.42,2226.93,0.0,0,0.0,0.0,372630.0,3.0,12.0,3.0,5.0,7.0,73193.0,95.0,3.0,4.0,6015.0,69.0,47500.0,0.0,6.0,2.0,10.0,16938.0,16794.0,42.1,0.0,0.0,152.0,192.0,2.0,2.0,3.0,2.0,41.0,4.0,41.0,0.0,3.0,4.0,4.0,5.0,23.0,10.0,15.0,4.0,23.0,0.0,0.0,0.0,7.0,100.0,25.0,0.0,0.0,412327.0,85499.0,29000.0,76827.0,0,0,0,0,0,0,
12000.0,12000.0,12000.0,36.0,11.44,395.37,9.0,4.0,10.0,75000.0,1.0,0.0,665.0,669.0,0.0,70.0,0,16.0,0.0,10186.0,59.9,26.0,9372.66,9372.66,3577.23,3577.23,2627.34,949.89,0.0,0,0.0,0.0,144498.0,2.0,5.0,0.0,1.0,15.0,65413.0,79.0,3.0,4.0,2969.0,69.0,17000.0,1.0,3.0,2.0,6.0,9633.0,314.0,96.3,0.0,0.0,99.0,79.0,2.0,2.0,1.0,2.0,0,11.0,0,0.0,5.0,7.0,5.0,5.0,15.0,10.0,10.0,7.0,16.0,0.0,0.0,0.0,4.0,96.0,100.0,0.0,0.0,163944.0,75599.0,8500.0,77230.0,0,0,0,0,0,0,
8500.0,8500.0,8500.0,36.0,10.49,276.24,9.0,10.0,10.0,65000.0,1.0,0.0,680.0,684.0,2.0,50.0,50.0,10.0,2.0,8682.0,29.9,25.0,0.0,0.0,9026.30572795,9026.31,8500.0,526.31,0.0,62.0,0.0,173.0,8682.0,2.0,0.0,0.0,1.0,20.0,0.0,0,2.0,5.0,4391.0,30.0,29000.0,2.0,1.0,6.0,7.0,965.0,14112.0,32.5,0.0,0.0,92.0,185.0,4.0,4.0,3.0,5.0,54.0,2.0,54.0,1.0,3.0,5.0,5.0,11.0,4.0,10.0,18.0,5.0,10.0,0.0,0.0,0.0,3.0,83.3,50.0,1.0,1.0,29000.0,8682.0,20900.0,0.0,0,0,0,0,0,0,
6000.0,6000.0,6000.0,36.0,11.39,197.55,9.0,7.0,5.0,38000.0,1.0,0.0,690.0,694.0,1.0,70.0,0,10.0,0.0,2018.0,9.4,14.0,4685.48,4685.48,1768.46,1768.46,1314.52,453.94,0.0,70.0,0.0,0.0,23892.0,1.0,2.0,1.0,2.0,10.0,21874.0,101.0,3.0,6.0,550.0,56.0,21400.0,0.0,0.0,4.0,8.0,2389.0,18337.0,9.2,0.0,0.0,119.0,205.0,5.0,5.0,0.0,5.0,0,3.0,0,1.0,5.0,6.0,6.0,6.0,5.0,8.0,9.0,6.0,10.0,0.0,0.0,0.0,4.0,92.9,16.7,0.0,0.0,42994.0,23892.0,20200.0,21594.0,0,0,0,0,0,0,
8000.0,8000.0,8000.0,36.0,11.44,263.58,9.0,2.0,5.0,51000.0,1.0,0.0,665.0,669.0,1.0,71.0,81.0,14.0,1.0,8950.0,55.2,52.0,6248.44,6248.44,2359.51,2359.51,1751.56,607.95,0.0,0,0.0,0.0,20725.0,1.0,3.0,0.0,1.0,17.0,11775.0,74.0,2.0,4.0,2302.0,65.0,16200.0,0.0,3.0,3.0,5.0,1884.0,147.0,96.9,0.0,0.0,141.0,506.0,3.0,3.0,3.0,8.0,0,3.0,0,0.0,2.0,8.0,2.0,6.0,27.0,11.0,22.0,8.0,14.0,0.0,0.0,0.0,2.0,97.9,100.0,1.0,0.0,32018.0,20725.0,4700.0,15818.0,0,0,0,0,0,0,
20000.0,20000.0,20000.0,36.0,14.99,693.21,8.0,2.0,7.5,75000.0,1.0,0.0,700.0,704.0,0.0,0,0,18.0,0.0,24039.0,57.2,36.0,0.0,0.0,21433.8511927,21433.85,20000.0,1433.85,0.0,0,0.0,0.0,371076.0,1.0,8.0,1.0,3.0,8.0,69121.0,70.0,2.0,3.0,14471.0,63.0,42000.0,4.0,1.0,3.0,8.0,21828.0,14073.0,59.7,0.0,0.0,129.0,191.0,6.0,6.0,5.0,6.0,0,9.0,0,0.0,4.0,6.0,7.0,10.0,16.0,9.0,15.0,6.0,18.0,0.0,0.0,0.0,5.0,100.0,50.0,0.0,0.0,404509.0,93160.0,34900.0,82509.0,0,0,0,0,0,0,
24000.0,24000.0,24000.0,36.0,7.49,746.44,10.0,3.0,7.5,58000.0,1.0,1.0,720.0,724.0,0.0,20.0,0,9.0,0.0,9017.0,59.3,18.0,18494.2,18494.2,6692.99,6692.99,5505.8,1187.19,0.0,81.0,0.0,0.0,128702.0,0.0,3.0,0.0,1.0,17.0,47710.0,70.0,2.0,2.0,7369.0,68.0,15200.0,1.0,0.0,0.0,3.0,16088.0,5821.0,58.4,0.0,0.0,149.0,175.0,10.0,10.0,2.0,10.0,0,17.0,20.0,0.0,2.0,3.0,2.0,2.0,10.0,5.0,6.0,3.0,9.0,0.0,0.0,0.0,2.0,88.2,0.0,0.0,0.0,171681.0,56727.0,14000.0,67781.0,0,0,0,0,0,0,
3500.0,3500.0,3500.0,36.0,12.74,117.5,8.0,10.0,5.0,50000.0,1.0,0.0,680.0,684.0,1.0,0,46.0,11.0,1.0,7641.0,23.4,38.0,2745.45,2745.45,1051.31,1051.31,754.55,296.76,0.0,0,0.0,2194.0,17249.0,0.0,2.0,1.0,3.0,8.0,9608.0,71.0,4.0,5.0,4504.0,37.0,32600.0,1.0,0.0,2.0,8.0,1917.0,19929.0,26.2,0.0,0.0,116.0,171.0,7.0,7.0,0.0,7.0,0,6.0,0,0.0,2.0,3.0,2.0,16.0,6.0,9.0,32.0,3.0,11.0,0.0,0.0,0.0,5.0,97.1,0.0,1.0,0.0,46068.0,17249.0,27000.0,13468.0,0,0,0,0,0,0,
7000.0,7000.0,7000.0,36.0,13.99,239.21,8.0,4.0,7.5,125000.0,1.0,0.0,695.0,699.0,0.0,0,0,22.0,0.0,24558.0,43.7,32.0,5338.68,5338.68,2354.57,2354.57,1661.32,693.25,0.0,0,0.0,0.0,343748.0,1.0,6.0,1.0,2.0,12.0,76332.0,86.0,2.0,3.0,9630.0,61.0,56200.0,5.0,1.0,6.0,6.0,15625.0,4238.0,81.4,0.0,0.0,134.0,141.0,5.0,5.0,2.0,29.0,0,0.0,0,0.0,4.0,6.0,6.0,9.0,9.0,15.0,21.0,6.0,22.0,0.0,0.0,0.0,4.0,100.0,66.7,0.0,0.0,390651.0,100890.0,22800.0,88980.0,0,0,0,0,0,0,
15000.0,15000.0,15000.0,36.0,11.44,494.22,9.0,10.0,7.5,78000.0,1.0,1.0,660.0,664.0,0.0,9.0,86.0,11.0,1.0,5791.0,58.5,23.0,0.0,0.0,15811.8684478,15811.87,15000.0,811.87,0.0,0,0.0,1106.0,17840.0,0.0,2.0,1.0,2.0,8.0,12049.0,38.0,1.0,4.0,985.0,43.0,9900.0,0.0,7.0,0.0,6.0,1784.0,741.0,76.1,0.0,0.0,138.0,155.0,12.0,8.0,2.0,51.0,9.0,0,9.0,0.0,3.0,8.0,3.0,4.0,10.0,9.0,11.0,8.0,11.0,0.0,0.0,0.0,2.0,95.7,66.7,1.0,0.0,41611.0,17840.0,3100.0,31711.0,0,0,0,0,0,0,
24000.0,24000.0,24000.0,36.0,7.24,743.69,10.0,1.0,5.0,105000.0,1.0,0.0,725.0,729.0,0.0,0,0,13.0,0.0,28696.0,59.3,25.0,18478.06,18478.06,6669.08,6669.08,5521.94,1147.14,0.0,0,0.0,0.0,38472.0,0.0,2.0,0.0,0.0,35.0,9776.0,31.0,0.0,0.0,10608.0,48.0,48400.0,0.0,0.0,0.0,0.0,3206.0,18332.0,61.0,0.0,0.0,155.0,235.0,69.0,35.0,0.0,69.0,0,0,0,0.0,5.0,6.0,9.0,14.0,6.0,11.0,19.0,8.0,13.0,0.0,0.0,0.0,0.0,100.0,33.3,0.0,0.0,79631.0,38472.0,47000.0,31231.0,0,0,0,0,0,0,
12000.0,12000.0,12000.0,36.0,15.99,421.83,8.0,2.0,5.0,50000.0,1.0,0.0,675.0,679.0,0.0,0,94.0,5.0,1.0,9214.0,38.4,8.0,9513.0,9513.0,3769.82,3769.82,2487.0,1282.82,0.0,0,0.0,0.0,12779.0,1.0,1.0,0.0,1.0,17.0,3565.0,56.0,1.0,1.0,7253.0,42.0,24000.0,0.0,0.0,0.0,2.0,2556.0,9786.0,48.5,0.0,0.0,17.0,195.0,1.0,1.0,0.0,1.0,0,17.0,0,0.0,2.0,2.0,3.0,5.0,1.0,4.0,7.0,2.0,5.0,0.0,0.0,0.0,1.0,100.0,66.7,1.0,0.0,30417.0,12779.0,19000.0,6417.0,0,0,0,0,0,0,
6000.0,6000.0,6000.0,36.0,18.99,219.91,7.0,1.0,7.5,125000.0,1.0,0.0,670.0,674.0,0.0,53.0,0,18.0,0.0,32638.0,72.9,27.0,4801.48,4801.48,1963.37,1963.37,1198.52,764.85,0.0,53.0,0.0,0.0,295591.0,1.0,4.0,1.0,2.0,11.0,70872.0,72.0,1.0,4.0,7262.0,72.0,44800.0,1.0,0.0,4.0,7.0,17388.0,7247.0,80.1,0.0,0.0,138.0,102.0,1.0,1.0,5.0,1.0,0,11.0,0,1.0,9.0,10.0,9.0,9.0,10.0,12.0,12.0,10.0,18.0,0.0,0.0,0.0,3.0,85.2,55.6,0.0,0.0,321980.0,103510.0,36500.0,77280.0,0,0,0,0,0,0,
7150.0,7150.0,7150.0,36.0,11.44,235.58,9.0,4.0,5.0,35000.0,1.0,0.0,790.0,794.0,1.0,0,0,7.0,0.0,5819.0,33.6,13.0,5584.5,5584.5,2108.86,2108.86,1565.5,543.36,0.0,0,0.0,0.0,25429.0,0.0,4.0,0.0,0.0,26.0,19610.0,46.0,0.0,0.0,5819.0,43.0,17300.0,1.0,0.0,1.0,0.0,4238.0,11481.0,33.6,0.0,0.0,124.0,128.0,33.0,26.0,0.0,45.0,0,4.0,0,0.0,1.0,1.0,2.0,6.0,5.0,3.0,8.0,1.0,7.0,0.0,0.0,0.0,0.0,100.0,0.0,0.0,0.0,59882.0,25429.0,17300.0,42582.0,0,0,0,0,0,0,
1000.0,1000.0,1000.0,36.0,11.44,32.95,9.0,10.0,10.0,58000.0,1.0,0.0,660.0,664.0,2.0,37.0,0,15.0,0.0,16769.0,53.2,33.0,29.87,29.87,994.96,994.96,970.13,24.83,0.0,37.0,0.0,20365.0,95342.0,0.0,0.0,0.0,0.0,32.0,0.0,0,2.0,3.0,4941.0,53.0,31500.0,5.0,1.0,14.0,3.0,6356.0,291.0,97.0,0.0,0.0,120.0,301.0,9.0,9.0,1.0,41.0,0,3.0,38.0,2.0,5.0,14.0,5.0,9.0,10.0,14.0,21.0,14.0,15.0,0.0,0.0,0.0,2.0,87.9,100.0,0.0,0.0,126681.0,16769.0,9700.0,0.0,0,0,0,0,0,0,
5000.0,5000.0,5000.0,36.0,13.49,169.66,8.0,10.0,5.0,57000.0,1.0,1.0,695.0,699.0,2.0,2.0,0,15.0,0.0,4437.0,12.5,30.0,0.0,0.0,5188.56253988,5188.56,5000.0,188.56,0.0,0,0.0,0.0,22993.0,1.0,2.0,3.0,5.0,8.0,18556.0,60.0,4.0,4.0,4210.0,35.0,35400.0,2.0,0.0,3.0,9.0,1642.0,17676.0,19.3,0.0,0.0,208.0,168.0,6.0,6.0,0.0,7.0,0,2.0,0,0.0,2.0,3.0,7.0,8.0,13.0,13.0,17.0,3.0,15.0,0.0,0.0,0.0,7.0,93.3,0.0,0.0,0.0,66300.0,22993.0,21900.0,30900.0,0,0,0,0,0,0,
30000.0,30000.0,30000.0,60.0,22.74,841.24,6.0,7.0,7.5,200000.0,1.0,2.0,660.0,664.0,1.0,6.0,0,16.0,0.0,55488.0,93.6,29.0,27350.81,27350.81,7476.41,7476.41,2649.19,4827.22,0.0,0,0.0,0.0,377109.0,3.0,5.0,2.0,3.0,11.0,136096.0,78.0,3.0,3.0,16988.0,85.0,59300.0,0.0,0.0,1.0,6.0,23569.0,23.0,99.9,0.0,0.0,300.0,301.0,3.0,3.0,3.0,5.0,6.0,3.0,6.0,0.0,2.0,7.0,3.0,7.0,10.0,9.0,15.0,7.0,16.0,0.0,0.0,0.0,5.0,89.7,66.7,0.0,0.0,422839.0,199123.0,21100.0,163208.0,0,0,0,0,0,0,
13500.0,13500.0,13500.0,60.0,13.49,310.57,8.0,10.0,5.0,60000.0,1.0,0.0,700.0,704.0,0.0,0,86.0,7.0,1.0,5813.0,47.6,19.0,12004.75,12004.75,2769.84,2769.84,1495.25,1274.59,0.0,0,0.0,0.0,14527.0,1.0,2.0,0.0,1.0,14.0,8714.0,34.0,1.0,1.0,4672.0,39.0,12200.0,0.0,0.0,0.0,2.0,2075.0,3443.0,60.9,0.0,0.0,114.0,334.0,0.0,0.0,2.0,0.0,0,0,0,1.0,2.0,4.0,2.0,4.0,9.0,5.0,8.0,4.0,7.0,0.0,0.0,0.0,1.0,94.7,50.0,1.0,0.0,37624.0,14527.0,8800.0,25424.0,0,0,0,0,0,0,
40000.0,40000.0,40000.0,60.0,29.49,1281.64,5.0,10.0,7.5,105000.0,1.0,0.0,720.0,724.0,0.0,0,0,7.0,0.0,12614.0,98.5,10.0,37042.69,37042.69,11370.93,11370.93,2957.31,8413.62,0.0,0,0.0,0.0,60962.0,1.0,3.0,1.0,2.0,3.0,48348.0,80.0,0.0,0.0,1217.0,97.0,12800.0,0.0,5.0,0.0,2.0,8709.0,169.0,94.0,0.0,0.0,65.0,135.0,26.0,3.0,0.0,26.0,0,17.0,0,0.0,3.0,4.0,3.0,4.0,5.0,4.0,5.0,4.0,7.0,0.0,0.0,0.0,1.0,100.0,100.0,0.0,0.0,88316.0,60962.0,2800.0,75516.0,0,0,0,0,0,0,
17500.0,17500.0,17500.0,36.0,7.49,544.28,10.0,6.0,5.0,85000.0,1.0,0.0,745.0,749.0,0.0,0,0,12.0,0.0,12220.0,39.7,18.0,13025.24,13025.24,5413.68,5413.68,4474.76,938.92,0.0,0,0.0,0.0,187725.0,0.0,1.0,0.0,0.0,57.0,4102.0,18.0,1.0,2.0,5421.0,30.0,30800.0,0.0,0.0,3.0,2.0,15644.0,6926.0,54.4,0.0,0.0,146.0,187.0,9.0,9.0,1.0,9.0,0,5.0,0,0.0,3.0,7.0,4.0,7.0,2.0,10.0,15.0,7.0,12.0,0.0,0.0,0.0,1.0,100.0,0.0,0.0,0.0,243845.0,16322.0,15200.0,22989.0,0,0,0,0,0,0,
7800.0,7800.0,7800.0,36.0,19.99,289.84,7.0,10.0,7.5,45000.0,1.0,0.0,720.0,724.0,3.0,0,0,9.0,0.0,9908.0,30.1,15.0,6261.14,6261.14,2586.9,2586.9,1538.86,1048.04,0.0,0,0.0,0.0,167830.0,2.0,1.0,0.0,2.0,14.0,8325.0,69.0,2.0,3.0,3444.0,41.0,32900.0,2.0,1.0,4.0,5.0,18648.0,20226.0,27.5,0.0,0.0,129.0,177.0,2.0,2.0,1.0,3.0,0,0.0,0,0.0,3.0,5.0,4.0,5.0,4.0,7.0,10.0,5.0,9.0,0.0,0.0,0.0,2.0,100.0,25.0,0.0,0.0,232050.0,18233.0,27900.0,12000.0,0,0,0,0,0,0,
24375.0,24375.0,24375.0,36.0,8.24,766.53,9.0,3.0,10.0,80000.0,1.0,0.0,755.0,759.0,0.0,0,0,12.0,0.0,5835.0,11.6,29.0,18832.1,18832.1,6870.87,6870.87,5542.9,1327.97,0.0,0,0.0,100.0,55266.0,0.0,3.0,0.0,2.0,15.0,49431.0,52.0,1.0,1.0,3369.0,27.0,50400.0,0.0,0.0,0.0,3.0,5527.0,36700.0,12.2,0.0,0.0,127.0,273.0,10.0,10.0,0.0,37.0,0,18.0,0,0.0,4.0,5.0,5.0,10.0,11.0,9.0,17.0,5.0,12.0,0.0,0.0,0.0,1.0,100.0,0.0,0.0,0.0,130751.0,55266.0,41800.0,80351.0,0,0,0,0,0,0,
7700.0,7700.0,7700.0,36.0,15.99,270.68,8.0,4.0,5.0,35672.0,1.0,0.0,685.0,689.0,0.0,40.0,0,9.0,0.0,9950.0,51.6,14.0,6104.12,6104.12,2419.02,2419.02,1595.88,823.14,0.0,0,0.0,0.0,18858.0,1.0,1.0,0.0,0.0,55.0,8908.0,34.0,1.0,2.0,4886.0,41.0,19300.0,0.0,1.0,0.0,2.0,2357.0,9350.0,51.6,0.0,0.0,104.0,160.0,5.0,5.0,0.0,5.0,0,19.0,0,0.0,5.0,5.0,7.0,8.0,4.0,8.0,10.0,5.0,9.0,0.0,0.0,0.0,1.0,85.7,42.9,0.0,0.0,45596.0,18858.0,19300.0,26296.0,0,0,0,0,0,0,
30000.0,30000.0,30000.0,60.0,13.49,690.15,8.0,2.0,7.5,131000.0,1.0,0.0,695.0,699.0,1.0,58.0,0,20.0,0.0,30822.0,56.0,25.0,26677.27,26677.27,6155.14,6155.14,3322.73,2832.41,0.0,0,0.0,0.0,663144.0,3.0,7.0,1.0,1.0,7.0,128359.0,109.0,2.0,2.0,10008.0,85.0,55000.0,1.0,0.0,3.0,4.0,33157.0,18926.0,54.6,0.0,0.0,154.0,197.0,4.0,4.0,3.0,36.0,0,4.0,0,0.0,5.0,7.0,8.0,8.0,10.0,11.0,11.0,7.0,20.0,0.0,0.0,0.0,4.0,95.8,25.0,0.0,0.0,691869.0,159181.0,41700.0,126270.0,0,0,0,0,0,0,
7000.0,7000.0,7000.0,36.0,21.49,265.49,7.0,10.0,7.5,41000.0,1.0,0.0,670.0,674.0,2.0,0,0,13.0,0.0,9033.0,39.3,30.0,0.0,0.0,7954.19310338,7954.19,7000.0,954.19,0.0,0,0.0,0.0,116567.0,6.0,1.0,2.0,4.0,6.0,12828.0,94.0,5.0,10.0,2159.0,60.0,23000.0,1.0,1.0,6.0,15.0,8967.0,6346.0,38.4,0.0,0.0,113.0,202.0,1.0,1.0,3.0,3.0,0,1.0,0,0.0,3.0,10.0,3.0,5.0,6.0,11.0,21.0,10.0,13.0,0.0,0.0,0.0,8.0,100.0,33.3,0.0,0.0,131888.0,21861.0,10300.0,13688.0,0,0,0,0,0,0,
24950.0,24950.0,24950.0,60.0,12.74,564.38,8.0,10.0,10.0,250000.0,1.0,1.0,700.0,704.0,1.0,9.0,0,15.0,0.0,6861.0,20.7,30.0,22137.2,22137.2,5035.27,5035.27,2812.8,2222.47,0.0,54.0,0.0,0.0,507902.0,1.0,2.0,1.0,1.0,12.0,37568.0,68.0,3.0,4.0,453.0,64.0,33100.0,0.0,2.0,2.0,5.0,39069.0,13444.0,4.0,0.0,0.0,146.0,364.0,0.0,0.0,1.0,28.0,39.0,0.0,9.0,1.0,2.0,7.0,3.0,6.0,5.0,11.0,23.0,7.0,15.0,0.0,0.0,0.0,4.0,86.7,0.0,0.0,0.0,625147.0,78405.0,14000.0,55071.0,0,0,0,0,0,0,
3200.0,3200.0,3200.0,36.0,13.49,108.58,8.0,0.0,7.5,35000.0,1.0,0.0,715.0,719.0,0.0,29.0,0,14.0,0.0,1919.0,3.3,25.0,2516.36,2516.36,984.42,984.42,683.64,300.78,0.0,0,0.0,3184.0,16203.0,1.0,1.0,1.0,1.0,8.0,14284.0,81.0,1.0,1.0,1560.0,21.0,58300.0,0.0,4.0,0.0,2.0,1246.0,33766.0,4.9,0.0,0.0,68.0,321.0,5.0,5.0,2.0,5.0,29.0,0,29.0,0.0,3.0,5.0,6.0,7.0,4.0,13.0,19.0,5.0,14.0,0.0,0.0,0.0,2.0,88.0,0.0,0.0,0.0,75900.0,16203.0,35500.0,17600.0,0,0,0,0,0,0,
4000.0,4000.0,4000.0,36.0,7.24,123.95,10.0,5.0,7.5,100000.0,1.0,0.0,680.0,684.0,0.0,49.0,0,9.0,0.0,1991.0,10.7,25.0,3079.66,3079.66,1111.53,1111.53,920.34,191.19,0.0,49.0,0.0,68.0,183796.0,0.0,3.0,1.0,3.0,11.0,45790.0,82.0,0.0,2.0,1464.0,64.0,18600.0,2.0,1.0,5.0,5.0,20422.0,11536.0,11.3,0.0,0.0,115.0,175.0,16.0,11.0,3.0,23.0,49.0,11.0,49.0,5.0,1.0,2.0,2.0,8.0,5.0,5.0,17.0,2.0,9.0,0.0,0.0,0.0,1.0,72.0,0.0,0.0,0.0,222763.0,47781.0,13000.0,55726.0,0,0,0,0,0,0,
16800.0,16800.0,16800.0,60.0,17.99,426.52,7.0,10.0,7.5,78000.0,1.0,0.0,660.0,664.0,1.0,32.0,0,10.0,0.0,17712.0,59.6,27.0,14930.73,14930.73,4097.29,4097.29,1869.27,2228.02,0.0,64.0,0.0,173.0,131818.0,1.0,1.0,0.0,1.0,13.0,29518.0,87.0,1.0,5.0,8524.0,74.0,29700.0,3.0,7.0,1.0,9.0,14646.0,3657.0,71.9,0.0,0.0,112.0,144.0,5.0,5.0,3.0,15.0,0,5.0,64.0,1.0,3.0,6.0,3.0,4.0,6.0,7.0,13.0,6.0,10.0,0.0,0.0,0.0,2.0,92.0,33.3,0.0,0.0,156497.0,48301.0,13000.0,33795.0,0,0,0,0,0,0,
5600.0,5600.0,5600.0,36.0,13.99,191.37,8.0,9.0,7.5,104000.0,1.0,0.0,665.0,669.0,3.0,63.0,0,14.0,0.0,10501.0,43.8,34.0,4410.87,4410.87,1711.45,1711.45,1189.13,522.32,0.0,63.0,0.0,604.0,322812.0,0.0,3.0,0.0,3.0,16.0,49577.0,81.0,2.0,5.0,4764.0,71.0,24000.0,4.0,0.0,8.0,10.0,24832.0,1027.0,84.4,0.0,0.0,121.0,193.0,11.0,11.0,3.0,11.0,75.0,0.0,75.0,5.0,3.0,9.0,4.0,11.0,10.0,10.0,21.0,9.0,14.0,0.0,0.0,0.0,2.0,79.4,66.7,0.0,0.0,353444.0,60078.0,6600.0,60909.0,0,0,0,0,0,0,
19000.0,19000.0,19000.0,36.0,11.49,626.46,9.0,1.0,7.5,50000.0,1.0,0.0,695.0,699.0,0.0,0,0,25.0,0.0,8851.0,36.0,52.0,14842.48,14842.48,5607.82,5607.82,4157.52,1450.3,0.0,0,0.0,0.0,333405.0,3.0,10.0,4.0,5.0,3.0,92554.0,84.0,1.0,2.0,4424.0,68.0,24600.0,0.0,0.0,5.0,8.0,15155.0,7306.0,51.3,0.0,0.0,130.0,116.0,10.0,2.0,1.0,14.0,0,4.0,0,0.0,4.0,7.0,4.0,4.0,36.0,14.0,15.0,7.0,25.0,0.0,0.0,0.0,6.0,100.0,0.0,0.0,0.0,357015.0,101405.0,15000.0,100415.0,0,0,0,0,0,0,
30000.0,30000.0,30000.0,36.0,16.99,1069.44,7.0,2.0,10.0,83000.0,1.0,0.0,665.0,669.0,0.0,0,0,14.0,0.0,36710.0,67.9,40.0,23858.09,23858.09,9610.81,9610.81,6141.91,3468.9,0.0,0,0.0,0.0,94152.0,0.0,2.0,1.0,2.0,9.0,57442.0,94.0,1.0,2.0,5569.0,75.0,54100.0,0.0,0.0,1.0,4.0,6725.0,14954.0,70.0,0.0,0.0,154.0,214.0,7.0,7.0,0.0,7.0,0,9.0,0,0.0,9.0,11.0,9.0,14.0,12.0,12.0,28.0,11.0,14.0,0.0,0.0,0.0,2.0,100.0,66.7,0.0,0.0,114770.0,94152.0,49800.0,60670.0,0,0,0,0,0,0,
15000.0,15000.0,15000.0,36.0,7.24,464.81,10.0,4.0,7.5,85000.0,1.0,0.0,700.0,704.0,0.0,0,0,14.0,0.0,15034.0,74.4,31.0,11548.75,11548.75,4168.21,4168.21,3451.25,716.96,0.0,0,0.0,94.0,215864.0,0.0,8.0,0.0,1.0,24.0,45481.0,96.0,0.0,1.0,8170.0,90.0,20200.0,0.0,6.0,0.0,2.0,15419.0,3883.0,74.9,0.0,0.0,132.0,136.0,19.0,19.0,1.0,19.0,0,23.0,0,0.0,2.0,4.0,2.0,3.0,21.0,5.0,9.0,4.0,14.0,0.0,0.0,0.0,0.0,100.0,50.0,0.0,0.0,232465.0,60515.0,15500.0,47265.0,0,0,0,0,0,0,
6000.0,6000.0,6000.0,36.0,13.99,205.04,8.0,10.0,7.5,52000.0,1.0,0.0,660.0,664.0,1.0,0,19.0,9.0,1.0,5312.0,93.2,19.0,4725.92,4725.92,1833.7,1833.7,1274.08,559.62,0.0,0,0.0,141.0,103603.0,0.0,3.0,0.0,2.0,15.0,30087.0,64.0,0.0,0.0,2252.0,67.0,5700.0,3.0,0.0,3.0,4.0,11511.0,388.0,93.2,0.0,0.0,92.0,122.0,33.0,8.0,4.0,33.0,0,0.0,0,0.0,4.0,4.0,4.0,4.0,10.0,4.0,5.0,4.0,9.0,0.0,0.0,0.0,1.0,100.0,75.0,0.0,0.0,129739.0,35399.0,5700.0,46861.0,0,0,0,0,0,0,
3000.0,3000.0,3000.0,36.0,15.99,105.46,8.0,4.0,7.5,90000.0,1.0,1.0,675.0,679.0,2.0,21.0,0,6.0,0.0,1313.0,28.5,15.0,2378.23,2378.23,942.48,942.48,621.77,320.71,0.0,21.0,0.0,0.0,40929.0,2.0,2.0,3.0,4.0,3.0,39616.0,87.0,2.0,3.0,746.0,81.0,4600.0,2.0,1.0,3.0,7.0,6822.0,2087.0,38.6,0.0,0.0,155.0,241.0,10.0,3.0,0.0,10.0,21.0,3.0,21.0,4.0,3.0,3.0,3.0,7.0,6.0,4.0,9.0,3.0,6.0,0.0,0.0,1.0,5.0,66.7,33.3,0.0,0.0,50318.0,40929.0,3400.0,45718.0,0,0,0,0,0,0,
1500.0,1500.0,1500.0,36.0,8.24,47.18,9.0,5.0,7.5,57000.0,1.0,0.0,675.0,679.0,0.0,0,77.0,18.0,1.0,14705.0,50.0,37.0,1223.9,1223.9,331.36,331.36,276.1,55.26,0.0,0,0.0,0.0,82847.0,2.0,1.0,0.0,1.0,20.0,5950.0,54.0,2.0,5.0,2825.0,51.0,29400.0,3.0,1.0,0.0,6.0,5178.0,2161.0,79.0,0.0,0.0,158.0,241.0,2.0,2.0,1.0,2.0,0,16.0,0,0.0,5.0,9.0,5.0,15.0,8.0,16.0,28.0,9.0,17.0,0.0,0.0,0.0,2.0,100.0,60.0,1.0,0.0,117390.0,20655.0,10300.0,11000.0,0,0,0,0,0,0,
5975.0,5975.0,5975.0,36.0,17.99,215.99,7.0,10.0,7.5,43000.0,1.0,0.0,665.0,669.0,0.0,0,53.0,5.0,1.0,10047.0,79.7,17.0,4666.4,4666.4,2028.98,2028.98,1308.6,720.38,0.0,0,0.0,0.0,19464.0,1.0,1.0,1.0,1.0,12.0,9417.0,65.0,3.0,3.0,4843.0,72.0,12600.0,2.0,2.0,5.0,4.0,3893.0,157.0,96.9,0.0,0.0,129.0,227.0,6.0,6.0,2.0,7.0,0,7.0,0,0.0,1.0,3.0,1.0,5.0,4.0,4.0,10.0,3.0,5.0,0.0,0.0,0.0,4.0,100.0,100.0,1.0,0.0,27018.0,19464.0,5000.0,14418.0,0,0,0,0,0,0,
16000.0,16000.0,16000.0,36.0,15.99,562.44,8.0,10.0,10.0,40000.0,1.0,1.0,680.0,684.0,0.0,2.0,0,11.0,0.0,7237.0,27.2,23.0,12684.0,12684.0,5026.43,5026.43,3316.0,1710.43,0.0,0,0.0,328.0,32005.0,1.0,2.0,0.0,2.0,22.0,24768.0,73.0,2.0,3.0,2025.0,53.0,26600.0,0.0,1.0,0.0,5.0,2910.0,14650.0,25.6,0.0,0.0,113.0,109.0,5.0,5.0,0.0,5.0,0,19.0,0,0.0,4.0,6.0,6.0,8.0,9.0,9.0,14.0,6.0,11.0,0.0,0.0,0.0,2.0,95.7,16.7,0.0,0.0,60557.0,32005.0,19700.0,33957.0,0,0,0,0,0,0,
4000.0,4000.0,4000.0,36.0,12.74,134.28,8.0,0.0,10.0,36400.0,1.0,0.0,680.0,684.0,4.0,41.0,41.0,21.0,1.0,6138.0,18.3,56.0,0.0,0.0,4134.50694112,4134.51,4000.0,134.51,0.0,41.0,0.0,0.0,11433.0,6.0,2.0,0.0,6.0,14.0,5295.0,75.0,7.0,13.0,2500.0,28.0,33500.0,2.0,0.0,4.0,19.0,602.0,14962.0,29.1,0.0,0.0,161.0,310.0,1.0,1.0,2.0,4.0,44.0,2.0,43.0,3.0,5.0,5.0,7.0,21.0,12.0,19.0,42.0,5.0,21.0,0.0,0.0,0.0,7.0,93.8,0.0,1.0,0.0,40600.0,11433.0,21100.0,7100.0,0,0,0,0,0,0,
15750.0,15750.0,15750.0,36.0,17.99,569.33,7.0,10.0,7.5,72000.0,1.0,0.0,710.0,714.0,1.0,24.0,0,26.0,0.0,15886.0,32.9,44.0,12564.83,12564.83,5084.62,5084.62,3185.17,1899.45,0.0,76.0,0.0,0.0,170901.0,2.0,8.0,1.0,2.0,9.0,74612.0,53.0,2.0,4.0,7871.0,45.0,48300.0,4.0,0.0,13.0,7.0,6836.0,25047.0,35.6,0.0,0.0,146.0,130.0,2.0,2.0,2.0,2.0,76.0,2.0,24.0,1.0,4.0,6.0,10.0,13.0,19.0,17.0,23.0,6.0,26.0,0.0,0.0,0.0,3.0,97.7,10.0,0.0,0.0,246241.0,90498.0,38900.0,116196.0,0,0,0,0,0,0,
18000.0,18000.0,18000.0,60.0,14.99,428.13,8.0,10.0,7.5,88000.0,1.0,0.0,680.0,684.0,0.0,60.0,91.0,22.0,1.0,21199.0,44.3,36.0,16303.4,16303.4,3281.63,3281.63,1696.6,1585.03,0.0,60.0,0.0,0.0,293732.0,1.0,4.0,0.0,4.0,17.0,236637.0,76.0,2.0,12.0,6745.0,60.0,47800.0,2.0,0.0,0.0,16.0,13351.0,6998.0,69.6,0.0,0.0,127.0,382.0,6.0,6.0,1.0,14.0,0,13.0,0,1.0,4.0,9.0,5.0,8.0,11.0,17.0,24.0,9.0,22.0,0.0,0.0,0.0,2.0,97.2,60.0,1.0,0.0,355403.0,257836.0,23000.0,266003.0,0,0,0,0,0,0,
20000.0,20000.0,20000.0,36.0,16.99,712.96,7.0,10.0,10.0,120000.0,1.0,0.0,685.0,689.0,2.0,51.0,0,17.0,0.0,17013.0,36.4,58.0,15905.4,15905.4,6361.72,6361.72,4094.6,2267.12,0.0,52.0,0.0,0.0,191504.0,2.0,3.0,3.0,6.0,1.0,174491.0,119.0,4.0,8.0,8506.0,53.0,46700.0,4.0,1.0,8.0,14.0,11265.0,21855.0,38.1,0.0,0.0,184.0,119.0,6.0,1.0,0.0,8.0,57.0,0.0,57.0,17.0,4.0,8.0,7.0,9.0,40.0,14.0,18.0,8.0,17.0,0.0,0.0,0.0,7.0,63.2,14.3,0.0,0.0,209699.0,191504.0,35300.0,162999.0,0,0,0,0,0,0,
20000.0,20000.0,20000.0,60.0,12.74,452.41,8.0,2.0,10.0,96700.0,1.0,0.0,695.0,699.0,0.0,0,99.0,6.0,1.0,2050.0,66.1,12.0,17745.24,17745.24,4036.3,4036.3,2254.76,1781.54,0.0,0,0.0,0.0,14275.0,0.0,4.0,0.0,3.0,19.0,12225.0,33.0,0.0,0.0,211.0,36.0,3100.0,1.0,6.0,1.0,3.0,2379.0,89.0,70.3,0.0,0.0,77.0,107.0,25.0,19.0,0.0,25.0,0,11.0,0,0.0,1.0,2.0,1.0,1.0,8.0,2.0,4.0,2.0,6.0,0.0,0.0,0.0,0.0,100.0,0.0,1.0,0.0,39721.0,14275.0,300.0,36621.0,0,0,0,0,0,0,
30000.0,30000.0,30000.0,60.0,12.74,678.61,8.0,5.0,7.5,120000.0,1.0,0.0,685.0,689.0,2.0,54.0,0,7.0,0.0,13043.0,58.4,24.0,26617.91,26617.91,6054.41,6054.41,3382.09,2672.32,0.0,54.0,0.0,0.0,247680.0,2.0,1.0,1.0,1.0,1.0,12730.0,97.0,0.0,1.0,7649.0,69.0,26300.0,0.0,0.0,3.0,3.0,35383.0,11557.0,64.3,0.0,0.0,136.0,379.0,14.0,1.0,5.0,14.0,0,0.0,54.0,2.0,3.0,3.0,3.0,8.0,4.0,4.0,13.0,3.0,7.0,0.0,0.0,0.0,2.0,87.0,0.0,0.0,0.0,271209.0,42930.0,24600.0,13094.0,0,0,0,0,0,0,
